attr	element	anim	treatValueAs
accent-height	font-face	FALSE	ignore
alphabetic	font-face	FALSE	ignore
arabic-form	glyph	FALSE	ignore
ascent	font-face	FALSE	ignore
bbox	font-face	FALSE	cmm-list
cap-height	font-face	FALSE	ignore
d	glyph	FALSE	path-data-list
d	missing-glyph	FALSE	path-data-list
descent	font-face	FALSE	ignore
font-family	font-face	FALSE	cmm-list
font-size	font-face	FALSE	cmm-list
font-stretch	font-face	FALSE	ignore
font-style	font-face	FALSE	ignore
font-variant	font-face	FALSE	ignore
font-weight	font-face	FALSE	ignore
g1	hkern	FALSE	cmm-list
g1	vkern	FALSE	cmm-list
g2	hkern	FALSE	cmm-list
g2	vkern	FALSE	cmm-list
glyph-name	glyph	FALSE	cmm-list
hanging	font-face	FALSE	ignore
horiz-adv-x	font	FALSE	ignore
horiz-adv-x	glyph	FALSE	ignore
horiz-adv-x	missing-glyph	FALSE	ignore
horiz-origin-x	font	FALSE	ignore
horiz-origin-y	font	FALSE	ignore
ideographic	font-face	FALSE	ignore
k	hkern	FALSE	ignore
k	vkern	FALSE	ignore
lang	glyph	FALSE	cmm-list
mathematical	font-face	FALSE	ignore
name	font-face-name	FALSE	ignore
orientation	glyph	FALSE	ignore
overline-position	font-face	FALSE	ignore
overline-thickness	font-face	FALSE	ignore
panose-1	font-face	FALSE	wsp-list
slope	font-face	FALSE	ignore
stemh	font-face	FALSE	ignore
stemv	font-face	FALSE	ignore
strikethrough-position	font-face	FALSE	ignore
strikethrough-thickness	font-face	FALSE	ignore
string	font-face-format	FALSE	ignore
u1	hkern	FALSE	ignore
u1	vkern	FALSE	ignore
u2	hkern	FALSE	ignore
u2	vkern	FALSE	ignore
underline-position	font-face	FALSE	ignore
underline-thickness	font-face	FALSE	ignore
unicode	glyph	FALSE	cmm-list
unicode-range	font-face	FALSE	cmm-list
units-per-em	font-face	FALSE	ignore
v-alphabetic	font-face	FALSE	ignore
v-hanging	font-face	FALSE	ignore
v-ideographic	font-face	FALSE	ignore
v-mathematical	font-face	FALSE	ignore
vert-adv-y	font	FALSE	ignore
vert-adv-y	glyph	FALSE	ignore
vert-adv-y	missing-glyph	FALSE	ignore
vert-origin-x	font	FALSE	ignore
vert-origin-x	glyph	FALSE	ignore
vert-origin-x	missing-glyph	FALSE	ignore
vert-origin-y	font	FALSE	ignore
vert-origin-y	glyph	FALSE	ignore
vert-origin-y	missing-glyph	FALSE	ignore
widths	font-face	FALSE	cmm-list
x-height	font-face	FALSE	ignore
xlink:href	font-face-uri	FALSE	ignore
accumulate	animate	FALSE	ignore
accumulate	animateColor	FALSE	ignore
accumulate	animateMotion	FALSE	ignore
accumulate	animateTransform	FALSE	ignore
additive	animate	FALSE	ignore
additive	animateColor	FALSE	ignore
additive	animateMotion	FALSE	ignore
additive	animateTransform	FALSE	ignore
attributeName	animate	FALSE	ignore
attributeName	animateColor	FALSE	ignore
attributeName	animateTransform	FALSE	ignore
attributeName	set	FALSE	ignore
attributeType	animate	FALSE	ignore
attributeType	animateColor	FALSE	ignore
attributeType	animateTransform	FALSE	ignore
attributeType	set	FALSE	ignore
begin	animate	FALSE	scln-list
begin	animateColor	FALSE	scln-list
begin	animateMotion	FALSE	scln-list
begin	animateTransform	FALSE	scln-list
begin	set	FALSE	scln-list
by	animate	FALSE	cmm-list
by	animateColor	FALSE	cmm-list
by	animateMotion	FALSE	cmm-list
by	animateTransform	FALSE	cmm-list
calcMode	animate	FALSE	ignore
calcMode	animateColor	FALSE	ignore
calcMode	animateMotion	FALSE	ignore
calcMode	animateTransform	FALSE	ignore
dur	animate	FALSE	ignore
dur	animateColor	FALSE	ignore
dur	animateMotion	FALSE	ignore
dur	animateTransform	FALSE	ignore
dur	set	FALSE	ignore
end	animate	FALSE	scln-list
end	animateColor	FALSE	scln-list
end	animateMotion	FALSE	scln-list
end	animateTransform	FALSE	scln-list
end	set	FALSE	scln-list
fill	animate	FALSE	ignore
fill	animateColor	FALSE	ignore
fill	animateMotion	FALSE	ignore
fill	animateTransform	FALSE	ignore
fill	set	FALSE	ignore
from	animate	FALSE	cmm-list
from	animateColor	FALSE	cmm-list
from	animateMotion	FALSE	cmm-list
from	animateTransform	FALSE	cmm-list
keyPoints	animateMotion	FALSE	scln-list
keySplines	animate	FALSE	cmm-scln-list
keySplines	animateColor	FALSE	cmm-scln-list
keySplines	animateMotion	FALSE	cmm-scln-list
keySplines	animateTransform	FALSE	cmm-scln-list
keyTimes	animate	FALSE	cmm-scln-list
keyTimes	animateColor	FALSE	cmm-scln-list
keyTimes	animateMotion	FALSE	cmm-scln-list
keyTimes	animateTransform	FALSE	cmm-scln-list
max	animate	FALSE	ignore
max	animateColor	FALSE	ignore
max	animateMotion	FALSE	ignore
max	animateTransform	FALSE	ignore
max	set	FALSE	ignore
min	animate	FALSE	ignore
min	animateColor	FALSE	ignore
min	animateMotion	FALSE	ignore
min	animateTransform	FALSE	ignore
min	set	FALSE	ignore
origin	animateMotion	FALSE	ignore
path	animateMotion	FALSE	path-data-list
repeatCount	animate	FALSE	ignore
repeatCount	animateColor	FALSE	ignore
repeatCount	animateMotion	FALSE	ignore
repeatCount	animateTransform	FALSE	ignore
repeatCount	set	FALSE	ignore
repeatDur	animate	FALSE	ignore
repeatDur	animateColor	FALSE	ignore
repeatDur	animateMotion	FALSE	ignore
repeatDur	animateTransform	FALSE	ignore
repeatDur	set	FALSE	ignore
restart	animate	FALSE	ignore
restart	animateColor	FALSE	ignore
restart	animateMotion	FALSE	ignore
restart	animateTransform	FALSE	ignore
restart	set	FALSE	ignore
rotate	animateMotion	FALSE	ignore
to	set	FALSE	ignore
to	animate	FALSE	cmm-list
to	animateColor	FALSE	cmm-list
to	animateMotion	FALSE	cmm-list
to	animateTransform	FALSE	cmm-list
type	animateTransform	FALSE	ignore
values	animate	FALSE	cmm-scln-list
values	animateColor	FALSE	cmm-scln-list
values	animateMotion	FALSE	cmm-scln-list
values	animateTransform	FALSE	cmm-scln-list
xlink:href	mpath	FALSE	ignore
xlink:href	animate	FALSE	ignore
xlink:href	animateColor	FALSE	ignore
xlink:href	animateMotion	FALSE	ignore
xlink:href	animateTransform	FALSE	ignore
xlink:href	set	FALSE	ignore
amplitude	feFuncA	TRUE	ignore
amplitude	feFuncB	TRUE	ignore
amplitude	feFuncG	TRUE	ignore
amplitude	feFuncR	TRUE	ignore
azimuth	feDistantLight	TRUE	ignore
baseFrequency	feTurbulence	TRUE	number-optional-number
bias	feConvolveMatrix	TRUE	ignore
diffuseConstant	feDiffuseLighting	TRUE	ignore
divisor	feConvolveMatrix	TRUE	ignore
dx	feOffset	TRUE	ignore
dy	feOffset	TRUE	ignore
edgeMode	feConvolveMatrix	TRUE	ignore
elevation	feDistantLight	TRUE	ignore
exponent	feFuncA	TRUE	ignore
exponent	feFuncB	TRUE	ignore
exponent	feFuncG	TRUE	ignore
exponent	feFuncR	TRUE	ignore
filterRes	filter	TRUE	number-optional-number
filterUnits	filter	TRUE	ignore
height	filter	TRUE	ignore
height	feBlend	TRUE	ignore
height	feColorMatrix	TRUE	ignore
height	feComponentTransfer	TRUE	ignore
height	feComposite	TRUE	ignore
height	feConvolveMatrix	TRUE	ignore
height	feDiffuseLighting	TRUE	ignore
height	feDisplacementMap	TRUE	ignore
height	feFlood	TRUE	ignore
height	feGaussianBlur	TRUE	ignore
height	feImage	TRUE	ignore
height	feMerge	TRUE	ignore
height	feMorphology	TRUE	ignore
height	feOffset	TRUE	ignore
height	feSpecularLighting	TRUE	ignore
height	feTile	TRUE	ignore
height	feTurbulence	TRUE	ignore
in	feBlend	TRUE	ignore
in	feColorMatrix	TRUE	ignore
in	feComponentTransfer	TRUE	ignore
in	feComposite	TRUE	ignore
in	feConvolveMatrix	TRUE	ignore
in	feDiffuseLighting	TRUE	ignore
in	feDisplacementMap	TRUE	ignore
in	feGaussianBlur	TRUE	ignore
in	feMorphology	TRUE	ignore
in	feOffset	TRUE	ignore
in	feSpecularLighting	TRUE	ignore
in	feTile	TRUE	ignore
in2	feBlend	TRUE	ignore
in2	feComposite	TRUE	ignore
in2	feDisplacementMap	TRUE	ignore
intercept	feFuncA	TRUE	ignore
intercept	feFuncB	TRUE	ignore
intercept	feFuncG	TRUE	ignore
intercept	feFuncR	TRUE	ignore
k1	feComposite	TRUE	ignore
k2	feComposite	TRUE	ignore
k3	feComposite	TRUE	ignore
k4	feComposite	TRUE	ignore
kernelMatrix	feConvolveMatrix	TRUE	wsp-list
kernelUnitLength	feConvolveMatrix	TRUE	number-optional-number
kernelUnitLength	feDiffuseLighting	TRUE	number-optional-number
kernelUnitLength	feSpecularLighting	TRUE	number-optional-number
limitingConeAngle	feSpotLight	TRUE	ignore
mode	feBlend	TRUE	ignore
numOctaves	feTurbulence	TRUE	ignore
offset	feFuncA	TRUE	ignore
offset	feFuncB	TRUE	ignore
offset	feFuncG	TRUE	ignore
offset	feFuncR	TRUE	ignore
operator	feComposite	TRUE	ignore
operator	feMorphology	TRUE	ignore
order	feConvolveMatrix	TRUE	number-optional-number
pointsAtX	feSpotLight	TRUE	ignore
pointsAtY	feSpotLight	TRUE	ignore
pointsAtZ	feSpotLight	TRUE	ignore
preserveAlpha	feConvolveMatrix	TRUE	ignore
primitiveUnits	filter	TRUE	ignore
radius	feMorphology	TRUE	number-optional-number
result	feBlend	TRUE	ignore
result	feColorMatrix	TRUE	ignore
result	feComponentTransfer	TRUE	ignore
result	feComposite	TRUE	ignore
result	feConvolveMatrix	TRUE	ignore
result	feDiffuseLighting	TRUE	ignore
result	feDisplacementMap	TRUE	ignore
result	feFlood	TRUE	ignore
result	feGaussianBlur	TRUE	ignore
result	feImage	TRUE	ignore
result	feMerge	TRUE	ignore
result	feMorphology	TRUE	ignore
result	feOffset	TRUE	ignore
result	feSpecularLighting	TRUE	ignore
result	feTile	TRUE	ignore
result	feTurbulence	TRUE	ignore
scale	feDisplacementMap	TRUE	ignore
seed	feTurbulence	TRUE	ignore
slope	feFuncA	TRUE	ignore
slope	feFuncB	TRUE	ignore
slope	feFuncG	TRUE	ignore
slope	feFuncR	TRUE	ignore
specularConstant	feSpecularLighting	TRUE	ignore
specularExponent	feSpecularLighting	TRUE	ignore
specularExponent	feSpotLight	TRUE	ignore
stdDeviation	feGaussianBlur	TRUE	number-optional-number
stitchTiles	feTurbulence	TRUE	ignore
surfaceScale	feDiffuseLighting	TRUE	ignore
surfaceScale	feSpecularLighting	TRUE	ignore
tableValues	feFuncA	TRUE	ignore
tableValues	feFuncB	TRUE	ignore
tableValues	feFuncG	TRUE	ignore
tableValues	feFuncR	TRUE	ignore
targetX	feConvolveMatrix	TRUE	ignore
targetY	feConvolveMatrix	TRUE	ignore
type	feColorMatrix	TRUE	ignore
type	feTurbulence	TRUE	ignore
type	feFuncA	TRUE	ignore
type	feFuncB	TRUE	ignore
type	feFuncG	TRUE	ignore
type	feFuncR	TRUE	ignore
values	feColorMatrix	TRUE	ignore
width	filter	TRUE	ignore
width	feBlend	TRUE	ignore
width	feColorMatrix	TRUE	ignore
width	feComponentTransfer	TRUE	ignore
width	feComposite	TRUE	ignore
width	feConvolveMatrix	TRUE	ignore
width	feDiffuseLighting	TRUE	ignore
width	feDisplacementMap	TRUE	ignore
width	feFlood	TRUE	ignore
width	feGaussianBlur	TRUE	ignore
width	feImage	TRUE	ignore
width	feMerge	TRUE	ignore
width	feMorphology	TRUE	ignore
width	feOffset	TRUE	ignore
width	feSpecularLighting	TRUE	ignore
width	feTile	TRUE	ignore
width	feTurbulence	TRUE	ignore
x	fePointLight	TRUE	ignore
x	feSpotLight	TRUE	ignore
x	filter	TRUE	ignore
x	feBlend	TRUE	ignore
x	feColorMatrix	TRUE	ignore
x	feComponentTransfer	TRUE	ignore
x	feComposite	TRUE	ignore
x	feConvolveMatrix	TRUE	ignore
x	feDiffuseLighting	TRUE	ignore
x	feDisplacementMap	TRUE	ignore
x	feFlood	TRUE	ignore
x	feGaussianBlur	TRUE	ignore
x	feImage	TRUE	ignore
x	feMerge	TRUE	ignore
x	feMorphology	TRUE	ignore
x	feOffset	TRUE	ignore
x	feSpecularLighting	TRUE	ignore
x	feTile	TRUE	ignore
x	feTurbulence	TRUE	ignore
xChannelSelector	feDisplacementMap	TRUE	ignore
xlink:href	feImage	TRUE	ignore
xlink:href	filter	TRUE	ignore
y	fePointLight	TRUE	ignore
y	feSpotLight	TRUE	ignore
y	filter	TRUE	ignore
y	feBlend	TRUE	ignore
y	feColorMatrix	TRUE	ignore
y	feComponentTransfer	TRUE	ignore
y	feComposite	TRUE	ignore
y	feConvolveMatrix	TRUE	ignore
y	feDiffuseLighting	TRUE	ignore
y	feDisplacementMap	TRUE	ignore
y	feFlood	TRUE	ignore
y	feGaussianBlur	TRUE	ignore
y	feImage	TRUE	ignore
y	feMerge	TRUE	ignore
y	feMorphology	TRUE	ignore
y	feOffset	TRUE	ignore
y	feSpecularLighting	TRUE	ignore
y	feTile	TRUE	ignore
y	feTurbulence	TRUE	ignore
yChannelSelector	feDisplacementMap	TRUE	ignore
z	fePointLight	TRUE	ignore
z	feSpotLight	TRUE	ignore
baseProfile	svg	FALSE	ignore
externalResourcesRequired	a	FALSE	ignore
externalResourcesRequired	altGlyph	FALSE	ignore
externalResourcesRequired	animate	FALSE	ignore
externalResourcesRequired	animateColor	FALSE	ignore
externalResourcesRequired	animateMotion	FALSE	ignore
externalResourcesRequired	animateTransform	FALSE	ignore
externalResourcesRequired	circle	FALSE	ignore
externalResourcesRequired	clipPath	FALSE	ignore
externalResourcesRequired	cursor	FALSE	ignore
externalResourcesRequired	defs	FALSE	ignore
externalResourcesRequired	ellipse	FALSE	ignore
externalResourcesRequired	feImage	FALSE	ignore
externalResourcesRequired	filter	FALSE	ignore
externalResourcesRequired	font	FALSE	ignore
externalResourcesRequired	foreignObject	FALSE	ignore
externalResourcesRequired	g	FALSE	ignore
externalResourcesRequired	image	FALSE	ignore
externalResourcesRequired	line	FALSE	ignore
externalResourcesRequired	linearGradient	FALSE	ignore
externalResourcesRequired	marker	FALSE	ignore
externalResourcesRequired	mask	FALSE	ignore
externalResourcesRequired	mpath	FALSE	ignore
externalResourcesRequired	path	FALSE	ignore
externalResourcesRequired	pattern	FALSE	ignore
externalResourcesRequired	polygon	FALSE	ignore
externalResourcesRequired	polyline	FALSE	ignore
externalResourcesRequired	radialGradient	FALSE	ignore
externalResourcesRequired	rect	FALSE	ignore
externalResourcesRequired	script	FALSE	ignore
externalResourcesRequired	set	FALSE	ignore
externalResourcesRequired	svg	FALSE	ignore
externalResourcesRequired	switch	FALSE	ignore
externalResourcesRequired	symbol	FALSE	ignore
externalResourcesRequired	text	FALSE	ignore
externalResourcesRequired	textPath	FALSE	ignore
externalResourcesRequired	tref	FALSE	ignore
externalResourcesRequired	tspan	FALSE	ignore
externalResourcesRequired	use	FALSE	ignore
externalResourcesRequired	view	FALSE	ignore
height	image	TRUE	ignore
height	svg	TRUE	ignore
height	use	TRUE	ignore
id	a	FALSE	ignore
id	altGlyph	FALSE	ignore
id	altGlyphDef	FALSE	ignore
id	altGlyphItem	FALSE	ignore
id	animate	FALSE	ignore
id	animateColor	FALSE	ignore
id	animateMotion	FALSE	ignore
id	animateTransform	FALSE	ignore
id	circle	FALSE	ignore
id	clipPath	FALSE	ignore
id	color-profile	FALSE	ignore
id	cursor	FALSE	ignore
id	defs	FALSE	ignore
id	desc	FALSE	ignore
id	ellipse	FALSE	ignore
id	feBlend	FALSE	ignore
id	feColorMatrix	FALSE	ignore
id	feComponentTransfer	FALSE	ignore
id	feComposite	FALSE	ignore
id	feConvolveMatrix	FALSE	ignore
id	feDiffuseLighting	FALSE	ignore
id	feDisplacementMap	FALSE	ignore
id	feDistantLight	FALSE	ignore
id	feFlood	FALSE	ignore
id	feFuncA	FALSE	ignore
id	feFuncB	FALSE	ignore
id	feFuncG	FALSE	ignore
id	feFuncR	FALSE	ignore
id	feGaussianBlur	FALSE	ignore
id	feImage	FALSE	ignore
id	feMerge	FALSE	ignore
id	feMergeNode	FALSE	ignore
id	feMorphology	FALSE	ignore
id	feOffset	FALSE	ignore
id	fePointLight	FALSE	ignore
id	feSpecularLighting	FALSE	ignore
id	feSpotLight	FALSE	ignore
id	feTile	FALSE	ignore
id	feTurbulence	FALSE	ignore
id	filter	FALSE	ignore
id	font	FALSE	ignore
id	font-face	FALSE	ignore
id	font-face-format	FALSE	ignore
id	font-face-name	FALSE	ignore
id	font-face-src	FALSE	ignore
id	font-face-uri	FALSE	ignore
id	foreignObject	FALSE	ignore
id	g	FALSE	ignore
id	glyph	FALSE	ignore
id	glyphRef	FALSE	ignore
id	hkern	FALSE	ignore
id	image	FALSE	ignore
id	line	FALSE	ignore
id	linearGradient	FALSE	ignore
id	marker	FALSE	ignore
id	mask	FALSE	ignore
id	metadata	FALSE	ignore
id	missing-glyph	FALSE	ignore
id	mpath	FALSE	ignore
id	path	FALSE	ignore
id	pattern	FALSE	ignore
id	polygon	FALSE	ignore
id	polyline	FALSE	ignore
id	radialGradient	FALSE	ignore
id	rect	FALSE	ignore
id	script	FALSE	ignore
id	set	FALSE	ignore
id	stop	FALSE	ignore
id	style	FALSE	ignore
id	svg	FALSE	ignore
id	switch	FALSE	ignore
id	symbol	FALSE	ignore
id	text	FALSE	ignore
id	textPath	FALSE	ignore
id	title	FALSE	ignore
id	tref	FALSE	ignore
id	tspan	FALSE	ignore
id	use	FALSE	ignore
id	view	FALSE	ignore
id	vkern	FALSE	ignore
requiredExtensions	a	FALSE	wsp-list
requiredExtensions	altGlyph	FALSE	wsp-list
requiredExtensions	animate	FALSE	wsp-list
requiredExtensions	animateColor	FALSE	wsp-list
requiredExtensions	animateMotion	FALSE	wsp-list
requiredExtensions	animateTransform	FALSE	wsp-list
requiredExtensions	circle	FALSE	wsp-list
requiredExtensions	clipPath	FALSE	wsp-list
requiredExtensions	cursor	FALSE	wsp-list
requiredExtensions	defs	FALSE	wsp-list
requiredExtensions	ellipse	FALSE	wsp-list
requiredExtensions	foreignObject	FALSE	wsp-list
requiredExtensions	g	FALSE	wsp-list
requiredExtensions	image	FALSE	wsp-list
requiredExtensions	line	FALSE	wsp-list
requiredExtensions	mask	FALSE	wsp-list
requiredExtensions	path	FALSE	wsp-list
requiredExtensions	pattern	FALSE	wsp-list
requiredExtensions	polygon	FALSE	wsp-list
requiredExtensions	polyline	FALSE	wsp-list
requiredExtensions	rect	FALSE	wsp-list
requiredExtensions	set	FALSE	wsp-list
requiredExtensions	svg	FALSE	wsp-list
requiredExtensions	switch	FALSE	wsp-list
requiredExtensions	text	FALSE	wsp-list
requiredExtensions	textPath	FALSE	wsp-list
requiredExtensions	tref	FALSE	wsp-list
requiredExtensions	tspan	FALSE	wsp-list
requiredExtensions	use	FALSE	wsp-list
requiredFeatures	a	FALSE	wsp-list
requiredFeatures	altGlyph	FALSE	wsp-list
requiredFeatures	animate	FALSE	wsp-list
requiredFeatures	animateColor	FALSE	wsp-list
requiredFeatures	animateMotion	FALSE	wsp-list
requiredFeatures	animateTransform	FALSE	wsp-list
requiredFeatures	circle	FALSE	wsp-list
requiredFeatures	clipPath	FALSE	wsp-list
requiredFeatures	cursor	FALSE	wsp-list
requiredFeatures	defs	FALSE	wsp-list
requiredFeatures	ellipse	FALSE	wsp-list
requiredFeatures	foreignObject	FALSE	wsp-list
requiredFeatures	g	FALSE	wsp-list
requiredFeatures	image	FALSE	wsp-list
requiredFeatures	line	FALSE	wsp-list
requiredFeatures	mask	FALSE	wsp-list
requiredFeatures	path	FALSE	wsp-list
requiredFeatures	pattern	FALSE	wsp-list
requiredFeatures	polygon	FALSE	wsp-list
requiredFeatures	polyline	FALSE	wsp-list
requiredFeatures	rect	FALSE	wsp-list
requiredFeatures	set	FALSE	wsp-list
requiredFeatures	svg	FALSE	wsp-list
requiredFeatures	switch	FALSE	wsp-list
requiredFeatures	text	FALSE	wsp-list
requiredFeatures	textPath	FALSE	wsp-list
requiredFeatures	tref	FALSE	wsp-list
requiredFeatures	tspan	FALSE	wsp-list
requiredFeatures	use	FALSE	wsp-list
systemLanguage	a	FALSE	cmm-list
systemLanguage	altGlyph	FALSE	cmm-list
systemLanguage	animate	FALSE	cmm-list
systemLanguage	animateColor	FALSE	cmm-list
systemLanguage	animateMotion	FALSE	cmm-list
systemLanguage	animateTransform	FALSE	cmm-list
systemLanguage	circle	FALSE	cmm-list
systemLanguage	clipPath	FALSE	cmm-list
systemLanguage	cursor	FALSE	cmm-list
systemLanguage	defs	FALSE	cmm-list
systemLanguage	ellipse	FALSE	cmm-list
systemLanguage	foreignObject	FALSE	cmm-list
systemLanguage	g	FALSE	cmm-list
systemLanguage	image	FALSE	cmm-list
systemLanguage	line	FALSE	cmm-list
systemLanguage	mask	FALSE	cmm-list
systemLanguage	path	FALSE	cmm-list
systemLanguage	pattern	FALSE	cmm-list
systemLanguage	polygon	FALSE	cmm-list
systemLanguage	polyline	FALSE	cmm-list
systemLanguage	rect	FALSE	cmm-list
systemLanguage	set	FALSE	cmm-list
systemLanguage	svg	FALSE	cmm-list
systemLanguage	switch	FALSE	cmm-list
systemLanguage	text	FALSE	cmm-list
systemLanguage	textPath	FALSE	cmm-list
systemLanguage	tref	FALSE	cmm-list
systemLanguage	tspan	FALSE	cmm-list
systemLanguage	use	FALSE	cmm-list
version	svg	FALSE	ignore
width	image	TRUE	ignore
width	svg	TRUE	ignore
width	use	TRUE	ignore
x	image	TRUE	ignore
x	svg	TRUE	ignore
x	use	TRUE	ignore
xlink:href	image	TRUE	ignore
xlink:href	use	TRUE	ignore
xml:base	a	FALSE	ignore
xml:base	altGlyph	FALSE	ignore
xml:base	altGlyphDef	FALSE	ignore
xml:base	altGlyphItem	FALSE	ignore
xml:base	animate	FALSE	ignore
xml:base	animateColor	FALSE	ignore
xml:base	animateMotion	FALSE	ignore
xml:base	animateTransform	FALSE	ignore
xml:base	circle	FALSE	ignore
xml:base	clipPath	FALSE	ignore
xml:base	color-profile	FALSE	ignore
xml:base	cursor	FALSE	ignore
xml:base	defs	FALSE	ignore
xml:base	desc	FALSE	ignore
xml:base	ellipse	FALSE	ignore
xml:base	feBlend	FALSE	ignore
xml:base	feColorMatrix	FALSE	ignore
xml:base	feComponentTransfer	FALSE	ignore
xml:base	feComposite	FALSE	ignore
xml:base	feConvolveMatrix	FALSE	ignore
xml:base	feDiffuseLighting	FALSE	ignore
xml:base	feDisplacementMap	FALSE	ignore
xml:base	feDistantLight	FALSE	ignore
xml:base	feFlood	FALSE	ignore
xml:base	feFuncA	FALSE	ignore
xml:base	feFuncB	FALSE	ignore
xml:base	feFuncG	FALSE	ignore
xml:base	feFuncR	FALSE	ignore
xml:base	feGaussianBlur	FALSE	ignore
xml:base	feImage	FALSE	ignore
xml:base	feMerge	FALSE	ignore
xml:base	feMergeNode	FALSE	ignore
xml:base	feMorphology	FALSE	ignore
xml:base	feOffset	FALSE	ignore
xml:base	fePointLight	FALSE	ignore
xml:base	feSpecularLighting	FALSE	ignore
xml:base	feSpotLight	FALSE	ignore
xml:base	feTile	FALSE	ignore
xml:base	feTurbulence	FALSE	ignore
xml:base	filter	FALSE	ignore
xml:base	font	FALSE	ignore
xml:base	font-face	FALSE	ignore
xml:base	font-face-format	FALSE	ignore
xml:base	font-face-name	FALSE	ignore
xml:base	font-face-src	FALSE	ignore
xml:base	font-face-uri	FALSE	ignore
xml:base	foreignObject	FALSE	ignore
xml:base	g	FALSE	ignore
xml:base	glyph	FALSE	ignore
xml:base	glyphRef	FALSE	ignore
xml:base	hkern	FALSE	ignore
xml:base	image	FALSE	ignore
xml:base	line	FALSE	ignore
xml:base	linearGradient	FALSE	ignore
xml:base	marker	FALSE	ignore
xml:base	mask	FALSE	ignore
xml:base	metadata	FALSE	ignore
xml:base	missing-glyph	FALSE	ignore
xml:base	mpath	FALSE	ignore
xml:base	path	FALSE	ignore
xml:base	pattern	FALSE	ignore
xml:base	polygon	FALSE	ignore
xml:base	polyline	FALSE	ignore
xml:base	radialGradient	FALSE	ignore
xml:base	rect	FALSE	ignore
xml:base	script	FALSE	ignore
xml:base	set	FALSE	ignore
xml:base	stop	FALSE	ignore
xml:base	style	FALSE	ignore
xml:base	svg	FALSE	ignore
xml:base	switch	FALSE	ignore
xml:base	symbol	FALSE	ignore
xml:base	text	FALSE	ignore
xml:base	textPath	FALSE	ignore
xml:base	title	FALSE	ignore
xml:base	tref	FALSE	ignore
xml:base	tspan	FALSE	ignore
xml:base	use	FALSE	ignore
xml:base	view	FALSE	ignore
xml:base	vkern	FALSE	ignore
xml:lang	a	FALSE	ignore
xml:lang	altGlyph	FALSE	ignore
xml:lang	altGlyphDef	FALSE	ignore
xml:lang	altGlyphItem	FALSE	ignore
xml:lang	animate	FALSE	ignore
xml:lang	animateColor	FALSE	ignore
xml:lang	animateMotion	FALSE	ignore
xml:lang	animateTransform	FALSE	ignore
xml:lang	circle	FALSE	ignore
xml:lang	clipPath	FALSE	ignore
xml:lang	color-profile	FALSE	ignore
xml:lang	cursor	FALSE	ignore
xml:lang	defs	FALSE	ignore
xml:lang	desc	FALSE	ignore
xml:lang	ellipse	FALSE	ignore
xml:lang	feBlend	FALSE	ignore
xml:lang	feColorMatrix	FALSE	ignore
xml:lang	feComponentTransfer	FALSE	ignore
xml:lang	feComposite	FALSE	ignore
xml:lang	feConvolveMatrix	FALSE	ignore
xml:lang	feDiffuseLighting	FALSE	ignore
xml:lang	feDisplacementMap	FALSE	ignore
xml:lang	feDistantLight	FALSE	ignore
xml:lang	feFlood	FALSE	ignore
xml:lang	feFuncA	FALSE	ignore
xml:lang	feFuncB	FALSE	ignore
xml:lang	feFuncG	FALSE	ignore
xml:lang	feFuncR	FALSE	ignore
xml:lang	feGaussianBlur	FALSE	ignore
xml:lang	feImage	FALSE	ignore
xml:lang	feMerge	FALSE	ignore
xml:lang	feMergeNode	FALSE	ignore
xml:lang	feMorphology	FALSE	ignore
xml:lang	feOffset	FALSE	ignore
xml:lang	fePointLight	FALSE	ignore
xml:lang	feSpecularLighting	FALSE	ignore
xml:lang	feSpotLight	FALSE	ignore
xml:lang	feTile	FALSE	ignore
xml:lang	feTurbulence	FALSE	ignore
xml:lang	filter	FALSE	ignore
xml:lang	font	FALSE	ignore
xml:lang	font-face	FALSE	ignore
xml:lang	font-face-format	FALSE	ignore
xml:lang	font-face-name	FALSE	ignore
xml:lang	font-face-src	FALSE	ignore
xml:lang	font-face-uri	FALSE	ignore
xml:lang	foreignObject	FALSE	ignore
xml:lang	g	FALSE	ignore
xml:lang	glyph	FALSE	ignore
xml:lang	glyphRef	FALSE	ignore
xml:lang	hkern	FALSE	ignore
xml:lang	image	FALSE	ignore
xml:lang	line	FALSE	ignore
xml:lang	linearGradient	FALSE	ignore
xml:lang	marker	FALSE	ignore
xml:lang	mask	FALSE	ignore
xml:lang	metadata	FALSE	ignore
xml:lang	missing-glyph	FALSE	ignore
xml:lang	mpath	FALSE	ignore
xml:lang	path	FALSE	ignore
xml:lang	pattern	FALSE	ignore
xml:lang	polygon	FALSE	ignore
xml:lang	polyline	FALSE	ignore
xml:lang	radialGradient	FALSE	ignore
xml:lang	rect	FALSE	ignore
xml:lang	script	FALSE	ignore
xml:lang	set	FALSE	ignore
xml:lang	stop	FALSE	ignore
xml:lang	style	FALSE	ignore
xml:lang	svg	FALSE	ignore
xml:lang	switch	FALSE	ignore
xml:lang	symbol	FALSE	ignore
xml:lang	text	FALSE	ignore
xml:lang	textPath	FALSE	ignore
xml:lang	title	FALSE	ignore
xml:lang	tref	FALSE	ignore
xml:lang	tspan	FALSE	ignore
xml:lang	use	FALSE	ignore
xml:lang	view	FALSE	ignore
xml:lang	vkern	FALSE	ignore
xml:space	a	FALSE	ignore
xml:space	altGlyph	FALSE	ignore
xml:space	altGlyphDef	FALSE	ignore
xml:space	altGlyphItem	FALSE	ignore
xml:space	animate	FALSE	ignore
xml:space	animateColor	FALSE	ignore
xml:space	animateMotion	FALSE	ignore
xml:space	animateTransform	FALSE	ignore
xml:space	circle	FALSE	ignore
xml:space	clipPath	FALSE	ignore
xml:space	color-profile	FALSE	ignore
xml:space	cursor	FALSE	ignore
xml:space	defs	FALSE	ignore
xml:space	desc	FALSE	ignore
xml:space	ellipse	FALSE	ignore
xml:space	feBlend	FALSE	ignore
xml:space	feColorMatrix	FALSE	ignore
xml:space	feComponentTransfer	FALSE	ignore
xml:space	feComposite	FALSE	ignore
xml:space	feConvolveMatrix	FALSE	ignore
xml:space	feDiffuseLighting	FALSE	ignore
xml:space	feDisplacementMap	FALSE	ignore
xml:space	feDistantLight	FALSE	ignore
xml:space	feFlood	FALSE	ignore
xml:space	feFuncA	FALSE	ignore
xml:space	feFuncB	FALSE	ignore
xml:space	feFuncG	FALSE	ignore
xml:space	feFuncR	FALSE	ignore
xml:space	feGaussianBlur	FALSE	ignore
xml:space	feImage	FALSE	ignore
xml:space	feMerge	FALSE	ignore
xml:space	feMergeNode	FALSE	ignore
xml:space	feMorphology	FALSE	ignore
xml:space	feOffset	FALSE	ignore
xml:space	fePointLight	FALSE	ignore
xml:space	feSpecularLighting	FALSE	ignore
xml:space	feSpotLight	FALSE	ignore
xml:space	feTile	FALSE	ignore
xml:space	feTurbulence	FALSE	ignore
xml:space	filter	FALSE	ignore
xml:space	font	FALSE	ignore
xml:space	font-face	FALSE	ignore
xml:space	font-face-format	FALSE	ignore
xml:space	font-face-name	FALSE	ignore
xml:space	font-face-src	FALSE	ignore
xml:space	font-face-uri	FALSE	ignore
xml:space	foreignObject	FALSE	ignore
xml:space	g	FALSE	ignore
xml:space	glyph	FALSE	ignore
xml:space	glyphRef	FALSE	ignore
xml:space	hkern	FALSE	ignore
xml:space	image	FALSE	ignore
xml:space	line	FALSE	ignore
xml:space	linearGradient	FALSE	ignore
xml:space	marker	FALSE	ignore
xml:space	mask	FALSE	ignore
xml:space	metadata	FALSE	ignore
xml:space	missing-glyph	FALSE	ignore
xml:space	mpath	FALSE	ignore
xml:space	path	FALSE	ignore
xml:space	pattern	FALSE	ignore
xml:space	polygon	FALSE	ignore
xml:space	polyline	FALSE	ignore
xml:space	radialGradient	FALSE	ignore
xml:space	rect	FALSE	ignore
xml:space	script	FALSE	ignore
xml:space	set	FALSE	ignore
xml:space	stop	FALSE	ignore
xml:space	style	FALSE	ignore
xml:space	svg	FALSE	ignore
xml:space	switch	FALSE	ignore
xml:space	symbol	FALSE	ignore
xml:space	text	FALSE	ignore
xml:space	textPath	FALSE	ignore
xml:space	title	FALSE	ignore
xml:space	tref	FALSE	ignore
xml:space	tspan	FALSE	ignore
xml:space	use	FALSE	ignore
xml:space	view	FALSE	ignore
xml:space	vkern	FALSE	ignore
y	image	TRUE	ignore
y	svg	TRUE	ignore
y	use	TRUE	ignore
class	a	TRUE	wsp-list
class	altGlyph	TRUE	wsp-list
class	circle	TRUE	wsp-list
class	clipPath	TRUE	wsp-list
class	defs	TRUE	wsp-list
class	desc	TRUE	wsp-list
class	ellipse	TRUE	wsp-list
class	feBlend	TRUE	wsp-list
class	feColorMatrix	TRUE	wsp-list
class	feComponentTransfer	TRUE	wsp-list
class	feComposite	TRUE	wsp-list
class	feConvolveMatrix	TRUE	wsp-list
class	feDiffuseLighting	TRUE	wsp-list
class	feDisplacementMap	TRUE	wsp-list
class	feFlood	TRUE	wsp-list
class	feGaussianBlur	TRUE	wsp-list
class	feImage	TRUE	wsp-list
class	feMerge	TRUE	wsp-list
class	feMorphology	TRUE	wsp-list
class	feOffset	TRUE	wsp-list
class	feSpecularLighting	TRUE	wsp-list
class	feTile	TRUE	wsp-list
class	feTurbulence	TRUE	wsp-list
class	filter	TRUE	wsp-list
class	font	TRUE	wsp-list
class	foreignObject	TRUE	wsp-list
class	g	TRUE	wsp-list
class	glyph	TRUE	wsp-list
class	glyphRef	TRUE	wsp-list
class	image	TRUE	wsp-list
class	line	TRUE	wsp-list
class	linearGradient	TRUE	wsp-list
class	marker	TRUE	wsp-list
class	mask	TRUE	wsp-list
class	missing-glyph	TRUE	wsp-list
class	path	TRUE	wsp-list
class	pattern	TRUE	wsp-list
class	polygon	TRUE	wsp-list
class	polyline	TRUE	wsp-list
class	radialGradient	TRUE	wsp-list
class	rect	TRUE	wsp-list
class	stop	TRUE	wsp-list
class	svg	TRUE	wsp-list
class	switch	TRUE	wsp-list
class	symbol	TRUE	wsp-list
class	text	TRUE	wsp-list
class	textPath	TRUE	wsp-list
class	title	TRUE	wsp-list
class	tref	TRUE	wsp-list
class	tspan	TRUE	wsp-list
class	use	TRUE	wsp-list
contentStyleType	svg	FALSE	ignore
media	style	FALSE	cmm-list
style	a	FALSE	cln-scln-list
style	altGlyph	FALSE	cln-scln-list
style	circle	FALSE	cln-scln-list
style	clipPath	FALSE	cln-scln-list
style	defs	FALSE	cln-scln-list
style	desc	FALSE	cln-scln-list
style	ellipse	FALSE	cln-scln-list
style	feBlend	FALSE	cln-scln-list
style	feColorMatrix	FALSE	cln-scln-list
style	feComponentTransfer	FALSE	cln-scln-list
style	feComposite	FALSE	cln-scln-list
style	feConvolveMatrix	FALSE	cln-scln-list
style	feDiffuseLighting	FALSE	cln-scln-list
style	feDisplacementMap	FALSE	cln-scln-list
style	feFlood	FALSE	cln-scln-list
style	feGaussianBlur	FALSE	cln-scln-list
style	feImage	FALSE	cln-scln-list
style	feMerge	FALSE	cln-scln-list
style	feMorphology	FALSE	cln-scln-list
style	feOffset	FALSE	cln-scln-list
style	feSpecularLighting	FALSE	cln-scln-list
style	feTile	FALSE	cln-scln-list
style	feTurbulence	FALSE	cln-scln-list
style	filter	FALSE	cln-scln-list
style	font	FALSE	cln-scln-list
style	foreignObject	FALSE	cln-scln-list
style	g	FALSE	cln-scln-list
style	glyph	FALSE	cln-scln-list
style	glyphRef	FALSE	cln-scln-list
style	image	FALSE	cln-scln-list
style	line	FALSE	cln-scln-list
style	linearGradient	FALSE	cln-scln-list
style	marker	FALSE	cln-scln-list
style	mask	FALSE	cln-scln-list
style	missing-glyph	FALSE	cln-scln-list
style	path	FALSE	cln-scln-list
style	pattern	FALSE	cln-scln-list
style	polygon	FALSE	cln-scln-list
style	polyline	FALSE	cln-scln-list
style	radialGradient	FALSE	cln-scln-list
style	rect	FALSE	cln-scln-list
style	stop	FALSE	cln-scln-list
style	svg	FALSE	cln-scln-list
style	switch	FALSE	cln-scln-list
style	symbol	FALSE	cln-scln-list
style	text	FALSE	cln-scln-list
style	textPath	FALSE	cln-scln-list
style	title	FALSE	cln-scln-list
style	tref	FALSE	cln-scln-list
style	tspan	FALSE	cln-scln-list
style	use	FALSE	cln-scln-list
title	style	FALSE	ignore
type	style	FALSE	ignore
clipPathUnits	clipPath	TRUE	ignore
height	mask	TRUE	ignore
maskContentUnits	mask	TRUE	ignore
maskUnits	mask	TRUE	ignore
width	mask	TRUE	ignore
x	mask	TRUE	ignore
y	mask	TRUE	ignore
contentScriptType	svg	FALSE	ignore
onabort	svg	FALSE	ignore
onactivate	a	FALSE	ignore
onactivate	altGlyph	FALSE	ignore
onactivate	circle	FALSE	ignore
onactivate	defs	FALSE	ignore
onactivate	ellipse	FALSE	ignore
onactivate	foreignObject	FALSE	ignore
onactivate	g	FALSE	ignore
onactivate	image	FALSE	ignore
onactivate	line	FALSE	ignore
onactivate	path	FALSE	ignore
onactivate	polygon	FALSE	ignore
onactivate	polyline	FALSE	ignore
onactivate	rect	FALSE	ignore
onactivate	svg	FALSE	ignore
onactivate	switch	FALSE	ignore
onactivate	symbol	FALSE	ignore
onactivate	text	FALSE	ignore
onactivate	textPath	FALSE	ignore
onactivate	tref	FALSE	ignore
onactivate	tspan	FALSE	ignore
onactivate	use	FALSE	ignore
onbegin	animate	FALSE	ignore
onbegin	animateColor	FALSE	ignore
onbegin	animateMotion	FALSE	ignore
onbegin	animateTransform	FALSE	ignore
onbegin	set	FALSE	ignore
onclick	a	FALSE	ignore
onclick	altGlyph	FALSE	ignore
onclick	circle	FALSE	ignore
onclick	defs	FALSE	ignore
onclick	ellipse	FALSE	ignore
onclick	foreignObject	FALSE	ignore
onclick	g	FALSE	ignore
onclick	image	FALSE	ignore
onclick	line	FALSE	ignore
onclick	path	FALSE	ignore
onclick	polygon	FALSE	ignore
onclick	polyline	FALSE	ignore
onclick	rect	FALSE	ignore
onclick	svg	FALSE	ignore
onclick	switch	FALSE	ignore
onclick	symbol	FALSE	ignore
onclick	text	FALSE	ignore
onclick	textPath	FALSE	ignore
onclick	tref	FALSE	ignore
onclick	tspan	FALSE	ignore
onclick	use	FALSE	ignore
onend	animate	FALSE	ignore
onend	animateColor	FALSE	ignore
onend	animateMotion	FALSE	ignore
onend	animateTransform	FALSE	ignore
onend	set	FALSE	ignore
onerror	svg	FALSE	ignore
onfocusin	a	FALSE	ignore
onfocusin	altGlyph	FALSE	ignore
onfocusin	circle	FALSE	ignore
onfocusin	defs	FALSE	ignore
onfocusin	ellipse	FALSE	ignore
onfocusin	foreignObject	FALSE	ignore
onfocusin	g	FALSE	ignore
onfocusin	image	FALSE	ignore
onfocusin	line	FALSE	ignore
onfocusin	path	FALSE	ignore
onfocusin	polygon	FALSE	ignore
onfocusin	polyline	FALSE	ignore
onfocusin	rect	FALSE	ignore
onfocusin	svg	FALSE	ignore
onfocusin	switch	FALSE	ignore
onfocusin	symbol	FALSE	ignore
onfocusin	text	FALSE	ignore
onfocusin	textPath	FALSE	ignore
onfocusin	tref	FALSE	ignore
onfocusin	tspan	FALSE	ignore
onfocusin	use	FALSE	ignore
onfocusout	a	FALSE	ignore
onfocusout	altGlyph	FALSE	ignore
onfocusout	circle	FALSE	ignore
onfocusout	defs	FALSE	ignore
onfocusout	ellipse	FALSE	ignore
onfocusout	foreignObject	FALSE	ignore
onfocusout	g	FALSE	ignore
onfocusout	image	FALSE	ignore
onfocusout	line	FALSE	ignore
onfocusout	path	FALSE	ignore
onfocusout	polygon	FALSE	ignore
onfocusout	polyline	FALSE	ignore
onfocusout	rect	FALSE	ignore
onfocusout	svg	FALSE	ignore
onfocusout	switch	FALSE	ignore
onfocusout	symbol	FALSE	ignore
onfocusout	text	FALSE	ignore
onfocusout	textPath	FALSE	ignore
onfocusout	tref	FALSE	ignore
onfocusout	tspan	FALSE	ignore
onfocusout	use	FALSE	ignore
onload	a	FALSE	ignore
onload	altGlyph	FALSE	ignore
onload	circle	FALSE	ignore
onload	defs	FALSE	ignore
onload	ellipse	FALSE	ignore
onload	foreignObject	FALSE	ignore
onload	g	FALSE	ignore
onload	image	FALSE	ignore
onload	line	FALSE	ignore
onload	path	FALSE	ignore
onload	polygon	FALSE	ignore
onload	polyline	FALSE	ignore
onload	rect	FALSE	ignore
onload	svg	FALSE	ignore
onload	switch	FALSE	ignore
onload	symbol	FALSE	ignore
onload	text	FALSE	ignore
onload	textPath	FALSE	ignore
onload	tref	FALSE	ignore
onload	tspan	FALSE	ignore
onload	use	FALSE	ignore
onload	animate	FALSE	ignore
onload	animateColor	FALSE	ignore
onload	animateMotion	FALSE	ignore
onload	animateTransform	FALSE	ignore
onload	set	FALSE	ignore
onmousedown	a	FALSE	ignore
onmousedown	altGlyph	FALSE	ignore
onmousedown	circle	FALSE	ignore
onmousedown	defs	FALSE	ignore
onmousedown	ellipse	FALSE	ignore
onmousedown	foreignObject	FALSE	ignore
onmousedown	g	FALSE	ignore
onmousedown	image	FALSE	ignore
onmousedown	line	FALSE	ignore
onmousedown	path	FALSE	ignore
onmousedown	polygon	FALSE	ignore
onmousedown	polyline	FALSE	ignore
onmousedown	rect	FALSE	ignore
onmousedown	svg	FALSE	ignore
onmousedown	switch	FALSE	ignore
onmousedown	symbol	FALSE	ignore
onmousedown	text	FALSE	ignore
onmousedown	textPath	FALSE	ignore
onmousedown	tref	FALSE	ignore
onmousedown	tspan	FALSE	ignore
onmousedown	use	FALSE	ignore
onmousemove	a	FALSE	ignore
onmousemove	altGlyph	FALSE	ignore
onmousemove	circle	FALSE	ignore
onmousemove	defs	FALSE	ignore
onmousemove	ellipse	FALSE	ignore
onmousemove	foreignObject	FALSE	ignore
onmousemove	g	FALSE	ignore
onmousemove	image	FALSE	ignore
onmousemove	line	FALSE	ignore
onmousemove	path	FALSE	ignore
onmousemove	polygon	FALSE	ignore
onmousemove	polyline	FALSE	ignore
onmousemove	rect	FALSE	ignore
onmousemove	svg	FALSE	ignore
onmousemove	switch	FALSE	ignore
onmousemove	symbol	FALSE	ignore
onmousemove	text	FALSE	ignore
onmousemove	textPath	FALSE	ignore
onmousemove	tref	FALSE	ignore
onmousemove	tspan	FALSE	ignore
onmousemove	use	FALSE	ignore
onmouseout	a	FALSE	ignore
onmouseout	altGlyph	FALSE	ignore
onmouseout	circle	FALSE	ignore
onmouseout	defs	FALSE	ignore
onmouseout	ellipse	FALSE	ignore
onmouseout	foreignObject	FALSE	ignore
onmouseout	g	FALSE	ignore
onmouseout	image	FALSE	ignore
onmouseout	line	FALSE	ignore
onmouseout	path	FALSE	ignore
onmouseout	polygon	FALSE	ignore
onmouseout	polyline	FALSE	ignore
onmouseout	rect	FALSE	ignore
onmouseout	svg	FALSE	ignore
onmouseout	switch	FALSE	ignore
onmouseout	symbol	FALSE	ignore
onmouseout	text	FALSE	ignore
onmouseout	textPath	FALSE	ignore
onmouseout	tref	FALSE	ignore
onmouseout	tspan	FALSE	ignore
onmouseout	use	FALSE	ignore
onmouseover	a	FALSE	ignore
onmouseover	altGlyph	FALSE	ignore
onmouseover	circle	FALSE	ignore
onmouseover	defs	FALSE	ignore
onmouseover	ellipse	FALSE	ignore
onmouseover	foreignObject	FALSE	ignore
onmouseover	g	FALSE	ignore
onmouseover	image	FALSE	ignore
onmouseover	line	FALSE	ignore
onmouseover	path	FALSE	ignore
onmouseover	polygon	FALSE	ignore
onmouseover	polyline	FALSE	ignore
onmouseover	rect	FALSE	ignore
onmouseover	svg	FALSE	ignore
onmouseover	switch	FALSE	ignore
onmouseover	symbol	FALSE	ignore
onmouseover	text	FALSE	ignore
onmouseover	textPath	FALSE	ignore
onmouseover	tref	FALSE	ignore
onmouseover	tspan	FALSE	ignore
onmouseover	use	FALSE	ignore
onmouseup	a	FALSE	ignore
onmouseup	altGlyph	FALSE	ignore
onmouseup	circle	FALSE	ignore
onmouseup	defs	FALSE	ignore
onmouseup	ellipse	FALSE	ignore
onmouseup	foreignObject	FALSE	ignore
onmouseup	g	FALSE	ignore
onmouseup	image	FALSE	ignore
onmouseup	line	FALSE	ignore
onmouseup	path	FALSE	ignore
onmouseup	polygon	FALSE	ignore
onmouseup	polyline	FALSE	ignore
onmouseup	rect	FALSE	ignore
onmouseup	svg	FALSE	ignore
onmouseup	switch	FALSE	ignore
onmouseup	symbol	FALSE	ignore
onmouseup	text	FALSE	ignore
onmouseup	textPath	FALSE	ignore
onmouseup	tref	FALSE	ignore
onmouseup	tspan	FALSE	ignore
onmouseup	use	FALSE	ignore
onrepeat	animate	FALSE	ignore
onrepeat	animateColor	FALSE	ignore
onrepeat	animateMotion	FALSE	ignore
onrepeat	animateTransform	FALSE	ignore
onrepeat	set	FALSE	ignore
onresize	svg	FALSE	ignore
onscroll	svg	FALSE	ignore
onunload	svg	FALSE	ignore
onzoom	svg	FALSE	ignore
type	script	FALSE	ignore
xlink:href	script	FALSE	ignore
cx	circle	TRUE	ignore
cx	ellipse	TRUE	ignore
cy	circle	TRUE	ignore
cy	ellipse	TRUE	ignore
height	rect	TRUE	ignore
points	polygon	TRUE	cmm-wsp-list
points	polyline	TRUE	cmm-wsp-list
r	circle	TRUE	ignore
rx	ellipse	TRUE	ignore
rx	rect	TRUE	ignore
ry	ellipse	TRUE	ignore
ry	rect	TRUE	ignore
width	rect	TRUE	ignore
x	rect	TRUE	ignore
x1	line	TRUE	ignore
x2	line	TRUE	ignore
y	rect	TRUE	ignore
y1	line	TRUE	ignore
y2	line	TRUE	ignore
cx	radialGradient	TRUE	ignore
cy	radialGradient	TRUE	ignore
fx	radialGradient	TRUE	ignore
fy	radialGradient	TRUE	ignore
gradientTransform	linearGradient	TRUE	transform-list
gradientTransform	radialGradient	TRUE	transform-list
gradientUnits	linearGradient	TRUE	ignore
gradientUnits	radialGradient	TRUE	ignore
height	pattern	TRUE	ignore
offset	stop	TRUE	ignore
patternContentUnits	pattern	TRUE	ignore
patternTransform	pattern	TRUE	transform-list
patternUnits	pattern	TRUE	ignore
r	radialGradient	TRUE	ignore
spreadMethod	linearGradient	TRUE	ignore
spreadMethod	radialGradient	TRUE	ignore
width	pattern	TRUE	ignore
x	pattern	TRUE	ignore
x1	linearGradient	TRUE	ignore
x2	linearGradient	TRUE	ignore
xlink:href	linearGradient	TRUE	ignore
xlink:href	pattern	TRUE	ignore
xlink:href	radialGradient	TRUE	ignore
y	pattern	TRUE	ignore
y1	linearGradient	TRUE	ignore
y2	linearGradient	TRUE	ignore
d	path	TRUE	path-data-list
pathLength	path	TRUE	ignore
dx	altGlyph	TRUE	wsp-list
dx	glyphRef	FALSE	ignore
dx	text	TRUE	wsp-list
dx	tref	TRUE	wsp-list
dx	tspan	TRUE	wsp-list
dy	altGlyph	TRUE	wsp-list
dy	glyphRef	FALSE	ignore
dy	text	TRUE	wsp-list
dy	tref	TRUE	wsp-list
dy	tspan	TRUE	wsp-list
format	altGlyph	FALSE	cmm-list
format	glyphRef	FALSE	cmm-list
glyphRef	altGlyph	FALSE	cmm-list
glyphRef	glyphRef	FALSE	cmm-list
lengthAdjust	text	TRUE	ignore
lengthAdjust	textPath	TRUE	ignore
lengthAdjust	tref	TRUE	ignore
lengthAdjust	tspan	TRUE	ignore
method	textPath	TRUE	ignore
rotate	altGlyph	TRUE	wsp-list
rotate	text	TRUE	wsp-list
rotate	tref	TRUE	wsp-list
rotate	tspan	TRUE	wsp-list
spacing	textPath	TRUE	ignore
startOffset	textPath	TRUE	ignore
textLength	text	TRUE	ignore
textLength	textPath	TRUE	ignore
textLength	tref	TRUE	ignore
textLength	tspan	TRUE	ignore
x	altGlyph	TRUE	wsp-list
x	glyphRef	FALSE	ignore
x	text	TRUE	wsp-list
x	tref	TRUE	wsp-list
x	tspan	TRUE	wsp-list
xlink:href	altGlyph	FALSE	ignore
xlink:href	glyphRef	FALSE	ignore
xlink:href	textPath	TRUE	ignore
xlink:href	tref	TRUE	ignore
y	altGlyph	TRUE	wsp-list
y	glyphRef	FALSE	ignore
y	text	TRUE	wsp-list
y	tref	TRUE	wsp-list
y	tspan	TRUE	wsp-list
height	foreignObject	TRUE	ignore
width	foreignObject	TRUE	ignore
x	foreignObject	TRUE	ignore
y	foreignObject	TRUE	ignore
local	color-profile	FALSE	cmm-list
name	color-profile	FALSE	ignore
rendering-intent	color-profile	FALSE	ignore
xlink:href	color-profile	FALSE	ignore
markerHeight	marker	TRUE	ignore
markerUnits	marker	TRUE	ignore
markerWidth	marker	TRUE	ignore
orient	marker	TRUE	ignore
refX	marker	TRUE	ignore
refY	marker	TRUE	ignore
preserveAspectRatio	feImage	TRUE	wsp-list
preserveAspectRatio	image	TRUE	wsp-list
preserveAspectRatio	marker	TRUE	wsp-list
preserveAspectRatio	pattern	TRUE	wsp-list
preserveAspectRatio	svg	TRUE	wsp-list
preserveAspectRatio	symbol	TRUE	wsp-list
preserveAspectRatio	view	TRUE	wsp-list
transform	a	TRUE	transform-list
transform	circle	TRUE	transform-list
transform	clipPath	TRUE	transform-list
transform	defs	TRUE	transform-list
transform	ellipse	TRUE	transform-list
transform	foreignObject	TRUE	transform-list
transform	g	TRUE	transform-list
transform	image	TRUE	transform-list
transform	line	TRUE	transform-list
transform	path	TRUE	transform-list
transform	polygon	TRUE	transform-list
transform	polyline	TRUE	transform-list
transform	rect	TRUE	transform-list
transform	switch	TRUE	transform-list
transform	text	TRUE	transform-list
transform	use	TRUE	transform-list
viewBox	marker	TRUE	cmm-list
viewBox	pattern	TRUE	cmm-list
viewBox	svg	TRUE	cmm-list
viewBox	symbol	TRUE	cmm-list
viewBox	view	TRUE	cmm-list
target	a	TRUE	ignore
viewTarget	view	FALSE	ignore
xlink:actuate	a	FALSE	ignore
xlink:actuate	altGlyph	FALSE	ignore
xlink:actuate	animate	FALSE	ignore
xlink:actuate	animateColor	FALSE	ignore
xlink:actuate	animateMotion	FALSE	ignore
xlink:actuate	animateTransform	FALSE	ignore
xlink:actuate	color-profile	FALSE	ignore
xlink:actuate	cursor	FALSE	ignore
xlink:actuate	feImage	FALSE	ignore
xlink:actuate	filter	FALSE	ignore
xlink:actuate	font-face-uri	FALSE	ignore
xlink:actuate	glyphRef	FALSE	ignore
xlink:actuate	image	FALSE	ignore
xlink:actuate	mpath	FALSE	ignore
xlink:actuate	pattern	FALSE	ignore
xlink:actuate	script	FALSE	ignore
xlink:actuate	set	FALSE	ignore
xlink:actuate	use	FALSE	ignore
xlink:arcrole	a	FALSE	ignore
xlink:arcrole	altGlyph	FALSE	ignore
xlink:arcrole	animate	FALSE	ignore
xlink:arcrole	animateColor	FALSE	ignore
xlink:arcrole	animateMotion	FALSE	ignore
xlink:arcrole	animateTransform	FALSE	ignore
xlink:arcrole	color-profile	FALSE	ignore
xlink:arcrole	cursor	FALSE	ignore
xlink:arcrole	feImage	FALSE	ignore
xlink:arcrole	filter	FALSE	ignore
xlink:arcrole	font-face-uri	FALSE	ignore
xlink:arcrole	glyphRef	FALSE	ignore
xlink:arcrole	image	FALSE	ignore
xlink:arcrole	linearGradient	FALSE	ignore
xlink:arcrole	mpath	FALSE	ignore
xlink:arcrole	pattern	FALSE	ignore
xlink:arcrole	radialGradient	FALSE	ignore
xlink:arcrole	script	FALSE	ignore
xlink:arcrole	set	FALSE	ignore
xlink:arcrole	textPath	FALSE	ignore
xlink:arcrole	tref	FALSE	ignore
xlink:arcrole	use	FALSE	ignore
xlink:href	a	TRUE	ignore
xlink:role	a	FALSE	ignore
xlink:role	altGlyph	FALSE	ignore
xlink:role	animate	FALSE	ignore
xlink:role	animateColor	FALSE	ignore
xlink:role	animateMotion	FALSE	ignore
xlink:role	animateTransform	FALSE	ignore
xlink:role	color-profile	FALSE	ignore
xlink:role	cursor	FALSE	ignore
xlink:role	feImage	FALSE	ignore
xlink:role	filter	FALSE	ignore
xlink:role	font-face-uri	FALSE	ignore
xlink:role	glyphRef	FALSE	ignore
xlink:role	image	FALSE	ignore
xlink:role	linearGradient	FALSE	ignore
xlink:role	mpath	FALSE	ignore
xlink:role	pattern	FALSE	ignore
xlink:role	radialGradient	FALSE	ignore
xlink:role	script	FALSE	ignore
xlink:role	set	FALSE	ignore
xlink:role	textPath	FALSE	ignore
xlink:role	tref	FALSE	ignore
xlink:role	use	FALSE	ignore
xlink:show	a	FALSE	ignore
xlink:show	altGlyph	FALSE	ignore
xlink:show	animate	FALSE	ignore
xlink:show	animateColor	FALSE	ignore
xlink:show	animateMotion	FALSE	ignore
xlink:show	animateTransform	FALSE	ignore
xlink:show	color-profile	FALSE	ignore
xlink:show	cursor	FALSE	ignore
xlink:show	feImage	FALSE	ignore
xlink:show	filter	FALSE	ignore
xlink:show	font-face-uri	FALSE	ignore
xlink:show	glyphRef	FALSE	ignore
xlink:show	image	FALSE	ignore
xlink:show	mpath	FALSE	ignore
xlink:show	pattern	FALSE	ignore
xlink:show	script	FALSE	ignore
xlink:show	set	FALSE	ignore
xlink:show	use	FALSE	ignore
xlink:title	a	FALSE	ignore
xlink:title	altGlyph	FALSE	ignore
xlink:title	animate	FALSE	ignore
xlink:title	animateColor	FALSE	ignore
xlink:title	animateMotion	FALSE	ignore
xlink:title	animateTransform	FALSE	ignore
xlink:title	color-profile	FALSE	ignore
xlink:title	cursor	FALSE	ignore
xlink:title	feImage	FALSE	ignore
xlink:title	filter	FALSE	ignore
xlink:title	font-face-uri	FALSE	ignore
xlink:title	glyphRef	FALSE	ignore
xlink:title	image	FALSE	ignore
xlink:title	linearGradient	FALSE	ignore
xlink:title	mpath	FALSE	ignore
xlink:title	pattern	FALSE	ignore
xlink:title	radialGradient	FALSE	ignore
xlink:title	script	FALSE	ignore
xlink:title	set	FALSE	ignore
xlink:title	textPath	FALSE	ignore
xlink:title	tref	FALSE	ignore
xlink:title	use	FALSE	ignore
xlink:type	a	FALSE	ignore
xlink:type	altGlyph	FALSE	ignore
xlink:type	animate	FALSE	ignore
xlink:type	animateColor	FALSE	ignore
xlink:type	animateMotion	FALSE	ignore
xlink:type	animateTransform	FALSE	ignore
xlink:type	color-profile	FALSE	ignore
xlink:type	cursor	FALSE	ignore
xlink:type	feImage	FALSE	ignore
xlink:type	filter	FALSE	ignore
xlink:type	font-face-uri	FALSE	ignore
xlink:type	glyphRef	FALSE	ignore
xlink:type	image	FALSE	ignore
xlink:type	linearGradient	FALSE	ignore
xlink:type	mpath	FALSE	ignore
xlink:type	pattern	FALSE	ignore
xlink:type	radialGradient	FALSE	ignore
xlink:type	script	FALSE	ignore
xlink:type	set	FALSE	ignore
xlink:type	textPath	FALSE	ignore
xlink:type	tref	FALSE	ignore
xlink:type	use	FALSE	ignore
x	cursor	TRUE	ignore
xlink:href	cursor	TRUE	ignore
y	cursor	TRUE	ignore
zoomAndPan	svg	FALSE	ignore
zoomAndPan	view	FALSE	ignore
