element,attr,description,component,animatable,value,value.def
circle,cxy,"cxy =v is equivalent to  cx=v[1], cy=v[2]",cx|cy,yes.,<coordinate>,"The x.axis coordinate of the center of the circle. If the attribute is not specified, the effect is as if a value of ""0"" were specified."
ellipse,cxy,"cxy =v is equivalent to  cx=v[1], cy=v[2]",cx|cy,yes.,<coordinate>,"The x.axis coordinate of the center of the ellipse. If the attribute is not specified, the effect is as if a value of ""0"" were specified."
radialGradient,cxy,"cxy =v is equivalent to  cx=v[1], cy=v[2]",cx|cy,yes.,<coordinate>,"'cx', 'cy' and 'r' define the largest (i.e., outermost) circle for the radial gradient. The gradient will be drawn such that the 100 gradient stop is mapped to the perimeter of this largest (i.e., outermost) circle. If the attribute is not specified, the effect is as if a value of '50' were specified."
altGlyph,dxy,"dxy =v is equivalent to  dx=v[1], dy=v[2]",dx|dy,yes.,<list.of.lengths>,"The <length> values are processed in the same manner as the 'dx' attribute on the 'tspan' element, with the following exception. If the referenced alternate glyphs are rendered instead of the Unicode characters inside the 'altGlyph' element, then any relative X coordinates specified via an 'dx' attribute on this element or any ancestor 'text' or 'tspan' elements for Unicode characters 2 through n within the 'altGlyph' element are ignored. Any relative X coordinate specified via an 'dx' attribute on this element or any ancestor 'text' or 'tspan' elements for the first Unicode character within the 'altGlyph' element sets a new relative X coordinate for the current text position before rendering the first alternate glyph."
glyphRef,dxy,"dxy =v is equivalent to  dx=v[1], dy=v[2]",dx|dy,no.,<number>,"This value represents the relative X coordinate within the font's coordinate system for this glyph. The glyph is thus shifted by <number> units along the positive X axis within the font's coordinate system supplemental to the absolute X coordinate established by the 'x' attribute (either due to an explicit 'x' attribute or due to default value processing for the 'x' attribute). The font coordinate system is based on the em square model described in the Fonts chapter of CSS2 ([CSS2], chapter 15). If the attribute is not specified, the effect is as if the attribute were set to ""0""."
tref,dxy,"dxy =v is equivalent to  dx=v[1], dy=v[2]",dx|dy,yes.,<list.of.lengths>,"If a single <length> is provided, this value represents the new relative X coordinate for the current text position for rendering the glyphs corresponding to the first character within this element or any of its descendants. The current text position is shifted along the x.axis of the current user coordinate system by <length> before the first character's glyphs are rendered. If a comma. or space.separated list of n <length>s is provided, then the values represent incremental shifts along the x.axis for the current text position before rendering the glyphs corresponding to the first n characters within this element or any of its descendants. Thus, before the glyphs are rendered corresponding to each character, the current text position resulting from drawing the glyphs for the previous character within the current 'text' element is shifted along the X axis of the current user coordinate system by <length>. If more <length>s are provided than characters, then any extra <length>s will have no effect on glyph positioning. If more characters exist than <length>s, then for each of these extra characters. (a) if an ancestor 'text' or 'tspan' element specifies a relative X coordinate for the given character via a 'dx' attribute, then the current text position is shifted along the x.axis of the current user coordinate system by that amount (nearest ancestor has precedence), else (b) no extra shift along the x.axis occurs. If the attribute is not specified. (a) if an ancestor 'text' or 'tspan' element specifies a relative X coordinate for a given character via a 'dx' attribute, then the current text position is shifted along the x.axis of the current user coordinate system by that amount (nearest ancestor has precedence), else (b) no extra shift along the x.axis occurs."
tspan,dxy,"dxy =v is equivalent to  dx=v[1], dy=v[2]",dx|dy,yes.,<list.of.lengths>,"If a single <length> is provided, this value represents the new relative X coordinate for the current text position for rendering the glyphs corresponding to the first character within this element or any of its descendants. The current text position is shifted along the x.axis of the current user coordinate system by <length> before the first character's glyphs are rendered. If a comma. or space.separated list of n <length>s is provided, then the values represent incremental shifts along the x.axis for the current text position before rendering the glyphs corresponding to the first n characters within this element or any of its descendants. Thus, before the glyphs are rendered corresponding to each character, the current text position resulting from drawing the glyphs for the previous character within the current 'text' element is shifted along the X axis of the current user coordinate system by <length>. If more <length>s are provided than characters, then any extra <length>s will have no effect on glyph positioning. If more characters exist than <length>s, then for each of these extra characters. (a) if an ancestor 'text' or 'tspan' element specifies a relative X coordinate for the given character via a 'dx' attribute, then the current text position is shifted along the x.axis of the current user coordinate system by that amount (nearest ancestor has precedence), else (b) no extra shift along the x.axis occurs. If the attribute is not specified. (a) if an ancestor 'text' or 'tspan' element specifies a relative X coordinate for a given character via a 'dx' attribute, then the current text position is shifted along the x.axis of the current user coordinate system by that amount (nearest ancestor has precedence), else (b) no extra shift along the x.axis occurs."
text,dxy,"dxy =v is equivalent to  dx=v[1], dy=v[2]",dx|dy,yes.,<list.of.lengths>,"Shifts in the current text position along the x.axis for the characters within this element or any of its descendants. Refer to the description of the 'dx' attribute on the 'tspan' element. If the attribute is not specified on this element or any of its descendants, no supplemental shifts along the x.axis will occur."
feOffset,dxy,"dxy =v is equivalent to  dx=v[1], dy=v[2]",dx|dy,yes.,<number>,"The amount to offset the input graphic along the x.axis. The offset amount is expressed in the coordinate system established by attribute 'primitiveUnits' on the 'filter' element. If the attribute is not specified, then the effect is as if a value of 0 were specified."
radialGradient,fxy,"fxy =v is equivalent to  fx=v[1], fy=v[2]",fx|fy,yes.,<coordinate>,"'fx' and 'fy' define the focal point for the radial gradient. The gradient will be drawn such that the 0 gradient stop is mapped to (fx, fy). If attribute 'fx' is not specified, 'fx' will coincide with the presentational value of 'cx' for the element whether the value for 'cx' was inherited or not. If the element references an element that specifies a value for 'fx', then the value of 'fx' is inherited from the referenced element."
hkern,g12,"g12 =v is equivalent to  g1=v[1], g2=v[2]",g1|g2,no.,"<name> [, <name> ]*","A sequence (comma.separated) of glyph names (i.e., values that match 'glyph.name' attributes on 'glyph' elements) which identify a set of possible first glyphs in the kerning pair. All glyphs with the given glyph name are included in the set. The total set of possible first glyphs in the kerning pair is the union of glyphs specified by the 'u1' and 'g1' attributes."
vkern,g12,"g12 =v is equivalent to  g1=v[1], g2=v[2]",g1|g2,no.,"<name> [, <name> ]*","A sequence (comma.separated) of glyph names (i.e., values that match 'glyph.name' attributes on 'glyph' elements) which identify a set of possible first glyphs in the kerning pair. All glyphs with the given glyph name are included in the set. The total set of possible first glyphs in the kerning pair is the union of glyphs specified by the 'u1' and 'g1' attributes."
filter,wh,"wh =v is equivalent to  height=v[1], width=v[2]",height|width,,<length>,See Filter effects region.
feBlend,wh,"wh =v is equivalent to  height=v[1], width=v[2]",height|width,yes.,<length>,"The height of the subregion which restricts calculation and rendering of the given filter primitive. See filter primitive subregion. A negative value is an error (see Error processing). A value of zero disables the effect of the given filter primitive (i.e., the result is a transparent black image)."
feColorMatrix,wh,"wh =v is equivalent to  height=v[1], width=v[2]",height|width,yes.,<length>,"The height of the subregion which restricts calculation and rendering of the given filter primitive. See filter primitive subregion. A negative value is an error (see Error processing). A value of zero disables the effect of the given filter primitive (i.e., the result is a transparent black image)."
feComponentTransfer,wh,"wh =v is equivalent to  height=v[1], width=v[2]",height|width,yes.,<length>,"The height of the subregion which restricts calculation and rendering of the given filter primitive. See filter primitive subregion. A negative value is an error (see Error processing). A value of zero disables the effect of the given filter primitive (i.e., the result is a transparent black image)."
feComposite,wh,"wh =v is equivalent to  height=v[1], width=v[2]",height|width,yes.,<length>,"The height of the subregion which restricts calculation and rendering of the given filter primitive. See filter primitive subregion. A negative value is an error (see Error processing). A value of zero disables the effect of the given filter primitive (i.e., the result is a transparent black image)."
feConvolveMatrix,wh,"wh =v is equivalent to  height=v[1], width=v[2]",height|width,yes.,<length>,"The height of the subregion which restricts calculation and rendering of the given filter primitive. See filter primitive subregion. A negative value is an error (see Error processing). A value of zero disables the effect of the given filter primitive (i.e., the result is a transparent black image)."
feDiffuseLighting,wh,"wh =v is equivalent to  height=v[1], width=v[2]",height|width,yes.,<length>,"The height of the subregion which restricts calculation and rendering of the given filter primitive. See filter primitive subregion. A negative value is an error (see Error processing). A value of zero disables the effect of the given filter primitive (i.e., the result is a transparent black image)."
feDisplacementMap,wh,"wh =v is equivalent to  height=v[1], width=v[2]",height|width,yes.,<length>,"The height of the subregion which restricts calculation and rendering of the given filter primitive. See filter primitive subregion. A negative value is an error (see Error processing). A value of zero disables the effect of the given filter primitive (i.e., the result is a transparent black image)."
feFlood,wh,"wh =v is equivalent to  height=v[1], width=v[2]",height|width,yes.,<length>,"The height of the subregion which restricts calculation and rendering of the given filter primitive. See filter primitive subregion. A negative value is an error (see Error processing). A value of zero disables the effect of the given filter primitive (i.e., the result is a transparent black image)."
feGaussianBlur,wh,"wh =v is equivalent to  height=v[1], width=v[2]",height|width,yes.,<length>,"The height of the subregion which restricts calculation and rendering of the given filter primitive. See filter primitive subregion. A negative value is an error (see Error processing). A value of zero disables the effect of the given filter primitive (i.e., the result is a transparent black image)."
feImage,wh,"wh =v is equivalent to  height=v[1], width=v[2]",height|width,yes.,<length>,"The height of the subregion which restricts calculation and rendering of the given filter primitive. See filter primitive subregion. A negative value is an error (see Error processing). A value of zero disables the effect of the given filter primitive (i.e., the result is a transparent black image)."
feMerge,wh,"wh =v is equivalent to  height=v[1], width=v[2]",height|width,yes.,<length>,"The height of the subregion which restricts calculation and rendering of the given filter primitive. See filter primitive subregion. A negative value is an error (see Error processing). A value of zero disables the effect of the given filter primitive (i.e., the result is a transparent black image)."
feMorphology,wh,"wh =v is equivalent to  height=v[1], width=v[2]",height|width,yes.,<length>,"The height of the subregion which restricts calculation and rendering of the given filter primitive. See filter primitive subregion. A negative value is an error (see Error processing). A value of zero disables the effect of the given filter primitive (i.e., the result is a transparent black image)."
feOffset,wh,"wh =v is equivalent to  height=v[1], width=v[2]",height|width,yes.,<length>,"The height of the subregion which restricts calculation and rendering of the given filter primitive. See filter primitive subregion. A negative value is an error (see Error processing). A value of zero disables the effect of the given filter primitive (i.e., the result is a transparent black image)."
feSpecularLighting,wh,"wh =v is equivalent to  height=v[1], width=v[2]",height|width,yes.,<length>,"The height of the subregion which restricts calculation and rendering of the given filter primitive. See filter primitive subregion. A negative value is an error (see Error processing). A value of zero disables the effect of the given filter primitive (i.e., the result is a transparent black image)."
feTile,wh,"wh =v is equivalent to  height=v[1], width=v[2]",height|width,yes.,<length>,"The height of the subregion which restricts calculation and rendering of the given filter primitive. See filter primitive subregion. A negative value is an error (see Error processing). A value of zero disables the effect of the given filter primitive (i.e., the result is a transparent black image)."
feTurbulence,wh,"wh =v is equivalent to  height=v[1], width=v[2]",height|width,yes.,<length>,"The height of the subregion which restricts calculation and rendering of the given filter primitive. See filter primitive subregion. A negative value is an error (see Error processing). A value of zero disables the effect of the given filter primitive (i.e., the result is a transparent black image)."
foreignObject,wh,"wh =v is equivalent to  height=v[1], width=v[2]",height|width,yes.,<length>,The height of the rectangular region into which the referenced document is placed. A negative value is an error (see Error processing). A value of zero disables rendering of the element.
image,wh,"wh =v is equivalent to  height=v[1], width=v[2]",height|width,yes.,<length>,The height of the rectangular region into which the referenced document is placed. A negative value is an error (see Error processing). A value of zero disables rendering of the element.
mask,wh,"wh =v is equivalent to  height=v[1], width=v[2]",height|width,yes.,<length>,"The height of the largest possible offscreen buffer. A negative value is an error (see Error processing). A value of zero disables rendering of the element. If the attribute is not specified, the effect is as if a value of '120' were specified."
pattern,wh,"wh =v is equivalent to  height=v[1], width=v[2]",height|width,yes.,<length>,"See 'x'. A negative value is an error (see Error processing). A value of zero disables rendering of the element (i.e., no paint is applied). If the attribute is not specified, the effect is as if a value of zero were specified."
rect,wh,"wh =v is equivalent to  height=v[1], width=v[2]",height|width,yes.,<length>,The height of the rectangle. A negative value is an error (see Error processing). A value of zero disables rendering of the element.
svg,wh,"wh =v is equivalent to  height=v[1], width=v[2]",height|width,yes.,<length>,"For outermost svg elements, the intrinsic height of the SVG document fragment. For embedded 'svg' elements, the height of the rectangular region into which the 'svg' element is placed. A negative value is an error (see Error processing). A value of zero disables rendering of the element. If the attribute is not specified, the effect is as if a value of '100' were specified."
use,wh,"wh =v is equivalent to  height=v[1], width=v[2]",height|width,yes.,<length>,The height of the rectangular region into which the referenced element is placed. A negative value is an error (see Error processing). A value of zero disables rendering of this element.
font,horiz-origin-xy,"horiz-origin-xy =v is equivalent to  horiz-origin-x=v[1], horiz-origin-y=v[2]",horiz-origin-x|horiz-origin-y,no.,<number>,"The X.coordinate in the font coordinate system of the origin of a glyph to be used when drawing horizontally oriented text. (Note that the origin applies to all glyphs in the font.) If the attribute is not specified, the effect is as if a value of '0' were specified."
feBlend,in12,"in12 =v is equivalent to  in=v[1], in2=v[2]",in|in2,,SourceGraphic,"This keyword represents the graphics elements that were the original input into the 'filter' element. For raster effects filter primitives, the graphics elements will be rasterized into an initially clear RGBA raster in image space. Pixels left untouched by the original graphic will be left clear. The image is specified to be rendered in linear RGBA pixels. The alpha channel of this image captures any anti.aliasing specified by SVG. (Since the raster is linear, the alpha channel of this image will represent the exact percent coverage of each pixel.)"
feBlend,in1,Alias for in,in,,SourceGraphic,"This keyword represents the graphics elements that were the original input into the 'filter' element. For raster effects filter primitives, the graphics elements will be rasterized into an initially clear RGBA raster in image space. Pixels left untouched by the original graphic will be left clear. The image is specified to be rendered in linear RGBA pixels. The alpha channel of this image captures any anti.aliasing specified by SVG. (Since the raster is linear, the alpha channel of this image will represent the exact percent coverage of each pixel.)"
feColorMatrix,in1,Alias for in,in,,SourceGraphic,"This keyword represents the graphics elements that were the original input into the 'filter' element. For raster effects filter primitives, the graphics elements will be rasterized into an initially clear RGBA raster in image space. Pixels left untouched by the original graphic will be left clear. The image is specified to be rendered in linear RGBA pixels. The alpha channel of this image captures any anti.aliasing specified by SVG. (Since the raster is linear, the alpha channel of this image will represent the exact percent coverage of each pixel.)"
feComponentTransfer,in1,Alias for in,in,,SourceGraphic,"This keyword represents the graphics elements that were the original input into the 'filter' element. For raster effects filter primitives, the graphics elements will be rasterized into an initially clear RGBA raster in image space. Pixels left untouched by the original graphic will be left clear. The image is specified to be rendered in linear RGBA pixels. The alpha channel of this image captures any anti.aliasing specified by SVG. (Since the raster is linear, the alpha channel of this image will represent the exact percent coverage of each pixel.)"
feComposite,in12,"in12 =v is equivalent to  in=v[1], in2=v[2]",in|in2,,SourceGraphic,"This keyword represents the graphics elements that were the original input into the 'filter' element. For raster effects filter primitives, the graphics elements will be rasterized into an initially clear RGBA raster in image space. Pixels left untouched by the original graphic will be left clear. The image is specified to be rendered in linear RGBA pixels. The alpha channel of this image captures any anti.aliasing specified by SVG. (Since the raster is linear, the alpha channel of this image will represent the exact percent coverage of each pixel.)"
feComposite,in1,Alias for in,in,,SourceGraphic,"This keyword represents the graphics elements that were the original input into the 'filter' element. For raster effects filter primitives, the graphics elements will be rasterized into an initially clear RGBA raster in image space. Pixels left untouched by the original graphic will be left clear. The image is specified to be rendered in linear RGBA pixels. The alpha channel of this image captures any anti.aliasing specified by SVG. (Since the raster is linear, the alpha channel of this image will represent the exact percent coverage of each pixel.)"
feConvolveMatrix,in1,Alias for in,in,,SourceGraphic,"This keyword represents the graphics elements that were the original input into the 'filter' element. For raster effects filter primitives, the graphics elements will be rasterized into an initially clear RGBA raster in image space. Pixels left untouched by the original graphic will be left clear. The image is specified to be rendered in linear RGBA pixels. The alpha channel of this image captures any anti.aliasing specified by SVG. (Since the raster is linear, the alpha channel of this image will represent the exact percent coverage of each pixel.)"
feDiffuseLighting,in1,Alias for in,in,,SourceGraphic,"This keyword represents the graphics elements that were the original input into the 'filter' element. For raster effects filter primitives, the graphics elements will be rasterized into an initially clear RGBA raster in image space. Pixels left untouched by the original graphic will be left clear. The image is specified to be rendered in linear RGBA pixels. The alpha channel of this image captures any anti.aliasing specified by SVG. (Since the raster is linear, the alpha channel of this image will represent the exact percent coverage of each pixel.)"
feDisplacementMap,in12,"in12 =v is equivalent to  in=v[1], in2=v[2]",in|in2,,SourceGraphic,"This keyword represents the graphics elements that were the original input into the 'filter' element. For raster effects filter primitives, the graphics elements will be rasterized into an initially clear RGBA raster in image space. Pixels left untouched by the original graphic will be left clear. The image is specified to be rendered in linear RGBA pixels. The alpha channel of this image captures any anti.aliasing specified by SVG. (Since the raster is linear, the alpha channel of this image will represent the exact percent coverage of each pixel.)"
feDisplacementMap,in1,Alias for in,in,,SourceGraphic,"This keyword represents the graphics elements that were the original input into the 'filter' element. For raster effects filter primitives, the graphics elements will be rasterized into an initially clear RGBA raster in image space. Pixels left untouched by the original graphic will be left clear. The image is specified to be rendered in linear RGBA pixels. The alpha channel of this image captures any anti.aliasing specified by SVG. (Since the raster is linear, the alpha channel of this image will represent the exact percent coverage of each pixel.)"
feGaussianBlur,in1,Alias for in,in,,SourceGraphic,"This keyword represents the graphics elements that were the original input into the 'filter' element. For raster effects filter primitives, the graphics elements will be rasterized into an initially clear RGBA raster in image space. Pixels left untouched by the original graphic will be left clear. The image is specified to be rendered in linear RGBA pixels. The alpha channel of this image captures any anti.aliasing specified by SVG. (Since the raster is linear, the alpha channel of this image will represent the exact percent coverage of each pixel.)"
feMorphology,in1,Alias for in,in,,SourceGraphic,"This keyword represents the graphics elements that were the original input into the 'filter' element. For raster effects filter primitives, the graphics elements will be rasterized into an initially clear RGBA raster in image space. Pixels left untouched by the original graphic will be left clear. The image is specified to be rendered in linear RGBA pixels. The alpha channel of this image captures any anti.aliasing specified by SVG. (Since the raster is linear, the alpha channel of this image will represent the exact percent coverage of each pixel.)"
feOffset,in1,Alias for in,in,,SourceGraphic,"This keyword represents the graphics elements that were the original input into the 'filter' element. For raster effects filter primitives, the graphics elements will be rasterized into an initially clear RGBA raster in image space. Pixels left untouched by the original graphic will be left clear. The image is specified to be rendered in linear RGBA pixels. The alpha channel of this image captures any anti.aliasing specified by SVG. (Since the raster is linear, the alpha channel of this image will represent the exact percent coverage of each pixel.)"
feSpecularLighting,in1,Alias for in,in,,SourceGraphic,"This keyword represents the graphics elements that were the original input into the 'filter' element. For raster effects filter primitives, the graphics elements will be rasterized into an initially clear RGBA raster in image space. Pixels left untouched by the original graphic will be left clear. The image is specified to be rendered in linear RGBA pixels. The alpha channel of this image captures any anti.aliasing specified by SVG. (Since the raster is linear, the alpha channel of this image will represent the exact percent coverage of each pixel.)"
feTile,in1,Alias for in,in,,SourceGraphic,"This keyword represents the graphics elements that were the original input into the 'filter' element. For raster effects filter primitives, the graphics elements will be rasterized into an initially clear RGBA raster in image space. Pixels left untouched by the original graphic will be left clear. The image is specified to be rendered in linear RGBA pixels. The alpha channel of this image captures any anti.aliasing specified by SVG. (Since the raster is linear, the alpha channel of this image will represent the exact percent coverage of each pixel.)"
feComposite,k1234,"k1234 =v is equivalent to  k1=v[1], k2=v[2], k3=v[3], k4=v[4]",k1|k2|k3|k4,yes.,<number>,"Only applicable if operator=""arithmetic"". If the attribute is not specified, the effect is as if a value of 0 were specified."
feSpotLight,pointsAtXYZ,"pointsAtXYZ =v is equivalent to  pointsAtX=v[1], pointsAtY=v[2], pointsAtZ=v[3]",pointsAtX|pointsAtY|pointsAtZ,yes.,<number>,"X location in the coordinate system established by attribute 'primitiveUnits' on the 'filter' element of the point at which the light source is pointing. If the attribute is not specified, then the effect is as if a value of 0 were specified."
marker,refXY,"refXY =v is equivalent to  refX=v[1], refY=v[2]",refX|refY,yes.,<coordinate>,"The x.axis coordinate of the reference point which is to be aligned exactly at the marker position. The coordinate is defined in the coordinate system after application of the 'viewBox' and 'preserveAspectRatio' attributes. If the attribute is not specified, the effect is as if a value of ""0"" were specified."
ellipse,rxy,"rxy =v is equivalent to  rx=v[1], ry=v[2]",rx|ry,yes.,<length>,The x.axis radius of the ellipse. A negative value is an error (see Error processing). A value of zero disables rendering of the element.
rect,rxy,"rxy =v is equivalent to  rx=v[1], ry=v[2]",rx|ry,yes.,<length>,"For rounded rectangles, the x.axis radius of the ellipse used to round off the corners of the rectangle. A negative value is an error (see Error processing). See the notes below about what happens if the attribute is not specified."
feConvolveMatrix,targetXY,"targetXY =v is equivalent to  targetX=v[1], targetY=v[2]",targetX|targetY,yes.,<integer>,"Determines the positioning in X of the convolution matrix relative to a given target pixel in the input image. The leftmost column of the matrix is column number zero. The value must be such that. 0 <= targetX < orderX. By default, the convolution matrix is centered in X over each pixel of the input image (i.e., targetX = floor ( orderX / 2 ))."
hkern,u12,"u12 =v is equivalent to  u1=v[1], u2=v[2]",u1|u2,no.,"[<character> | <urange> ] [, [<character> | <urange>] ]*","A sequence (comma.separated) of Unicode characters (refer to the description of the 'unicode' attribute to the 'glyph' element for a description of how to express individual Unicode characters) and/or ranges of Unicode characters (see description of ranges of Unicode characters in CSS2; [CSS2], section 15.3.3) which identify a set of possible first glyphs in the kerning pair. If a given Unicode character within the set has multiple corresponding 'glyph' elements (i.e., there are multiple 'glyph' elements with the same 'unicode' attribute value, but different 'glyph.name' values), then all such glyphs are included in the set. Comma is the separator character; thus, to kern a comma, specify the comma as part of a range of Unicode characters or as a glyph name using the 'g1' attribute. The total set of possible first glyphs in the kerning pair is the union of glyphs specified by the 'u1' and 'g1' attributes."
vkern,u12,"u12 =v is equivalent to  u1=v[1], u2=v[2]",u1|u2,no.,"[<character> | <urange> ] [, [<character> | <urange>] ]*","A sequence (comma.separated) of Unicode characters (refer to the description of the 'unicode' attribute to the 'glyph' element for a description of how to express individual Unicode characters) and/or ranges of Unicode characters (see description of ranges of Unicode characters in CSS2; [CSS2], section 15.3.3) which identify a set of possible first glyphs in the kerning pair. If a given Unicode character within the set has multiple corresponding 'glyph' elements (i.e., there are multiple 'glyph' elements with the same 'unicode' attribute value, but different 'glyph.name' values), then all such glyphs are included in the set. Comma is the separator character; thus, to kern a comma, specify the comma as part of a range of Unicode characters or as a glyph name using the 'g1' attribute. The total set of possible first glyphs in the kerning pair is the union of glyphs specified by the 'u1' and 'g1' attributes."
font,vert-origin-xy,"vert-origin-xy =v is equivalent to  vert-origin-x=v[1], vert-origin-y=v[2]",vert-origin-x|vert-origin-y,no.,<number>,"The default X.coordinate in the font coordinate system of the origin of a glyph to be used when drawing vertically oriented text. If the attribute is not specified, the effect is as if the attribute were set to half of the effective value of attribute 'horiz.adv.x'."
glyph,vert-origin-xy,"vert-origin-xy =v is equivalent to  vert-origin-x=v[1], vert-origin-y=v[2]",vert-origin-x|vert-origin-y,no.,<number>,"The X.coordinate in the font coordinate system of the origin of the glyph to be used when drawing vertically oriented text. If the attribute is not specified, the effect is as if the attribute were set to the value of the font's 'vert.origin.x' attribute."
missing-glyph,vert-origin-xy,"vert-origin-xy =v is equivalent to  vert-origin-x=v[1], vert-origin-y=v[2]",vert-origin-x|vert-origin-y,no.,<number>,"The X.coordinate in the font coordinate system of the origin of the glyph to be used when drawing vertically oriented text. If the attribute is not specified, the effect is as if the attribute were set to the value of the font's 'vert.origin.x' attribute."
altGlyph,xy,"xy =v is equivalent to  x=v[1], y=v[2]",x|y,yes.,<list.of.coordinates>,"The <coordinate> values are processed in the same manner as the 'x' attribute on the 'tspan' element, with the following exception. If the referenced alternate glyphs are rendered instead of the Unicode characters inside the 'altGlyph' element, then any absolute X coordinates specified via an 'x' attribute on this element or any ancestor 'text' or 'tspan' elements for Unicode characters 2 through n within the 'altGlyph' element are ignored. Any absolute X coordinate specified via an 'x' attribute on this element or any ancestor 'text' or 'tspan' elements for the first Unicode character within the 'altGlyph' element sets a new absolute X coordinate for the current text position before rendering the first alternate glyph."
cursor,xy,"xy =v is equivalent to  x=v[1], y=v[2]",x|y,yes.,<coordinate>,"The x.coordinate of the position in the cursor's coordinate system which represents the precise position that is being pointed to. If the attribute is not specified, the effect is as if a value of '0' were specified."
filter,xy,"xy =v is equivalent to  x=v[1], y=v[2]",x|y,,<coordinate>,See Filter effects region.
feBlend,xy,"xy =v is equivalent to  x=v[1], y=v[2]",x|y,yes.,<coordinate>,The minimum x coordinate for the subregion which restricts calculation and rendering of the given filter primitive. See filter primitive subregion.
feColorMatrix,xy,"xy =v is equivalent to  x=v[1], y=v[2]",x|y,yes.,<coordinate>,The minimum x coordinate for the subregion which restricts calculation and rendering of the given filter primitive. See filter primitive subregion.
feComponentTransfer,xy,"xy =v is equivalent to  x=v[1], y=v[2]",x|y,yes.,<coordinate>,The minimum x coordinate for the subregion which restricts calculation and rendering of the given filter primitive. See filter primitive subregion.
feComposite,xy,"xy =v is equivalent to  x=v[1], y=v[2]",x|y,yes.,<coordinate>,The minimum x coordinate for the subregion which restricts calculation and rendering of the given filter primitive. See filter primitive subregion.
feConvolveMatrix,xy,"xy =v is equivalent to  x=v[1], y=v[2]",x|y,yes.,<coordinate>,The minimum x coordinate for the subregion which restricts calculation and rendering of the given filter primitive. See filter primitive subregion.
feDiffuseLighting,xy,"xy =v is equivalent to  x=v[1], y=v[2]",x|y,yes.,<coordinate>,The minimum x coordinate for the subregion which restricts calculation and rendering of the given filter primitive. See filter primitive subregion.
feDisplacementMap,xy,"xy =v is equivalent to  x=v[1], y=v[2]",x|y,yes.,<coordinate>,The minimum x coordinate for the subregion which restricts calculation and rendering of the given filter primitive. See filter primitive subregion.
feFlood,xy,"xy =v is equivalent to  x=v[1], y=v[2]",x|y,yes.,<coordinate>,The minimum x coordinate for the subregion which restricts calculation and rendering of the given filter primitive. See filter primitive subregion.
feGaussianBlur,xy,"xy =v is equivalent to  x=v[1], y=v[2]",x|y,yes.,<coordinate>,The minimum x coordinate for the subregion which restricts calculation and rendering of the given filter primitive. See filter primitive subregion.
feImage,xy,"xy =v is equivalent to  x=v[1], y=v[2]",x|y,yes.,<coordinate>,The minimum x coordinate for the subregion which restricts calculation and rendering of the given filter primitive. See filter primitive subregion.
feMerge,xy,"xy =v is equivalent to  x=v[1], y=v[2]",x|y,yes.,<coordinate>,The minimum x coordinate for the subregion which restricts calculation and rendering of the given filter primitive. See filter primitive subregion.
feMorphology,xy,"xy =v is equivalent to  x=v[1], y=v[2]",x|y,yes.,<coordinate>,The minimum x coordinate for the subregion which restricts calculation and rendering of the given filter primitive. See filter primitive subregion.
feOffset,xy,"xy =v is equivalent to  x=v[1], y=v[2]",x|y,yes.,<coordinate>,The minimum x coordinate for the subregion which restricts calculation and rendering of the given filter primitive. See filter primitive subregion.
feSpecularLighting,xy,"xy =v is equivalent to  x=v[1], y=v[2]",x|y,yes.,<coordinate>,The minimum x coordinate for the subregion which restricts calculation and rendering of the given filter primitive. See filter primitive subregion.
feTile,xy,"xy =v is equivalent to  x=v[1], y=v[2]",x|y,yes.,<coordinate>,The minimum x coordinate for the subregion which restricts calculation and rendering of the given filter primitive. See filter primitive subregion.
feTurbulence,xy,"xy =v is equivalent to  x=v[1], y=v[2]",x|y,yes.,<coordinate>,The minimum x coordinate for the subregion which restricts calculation and rendering of the given filter primitive. See filter primitive subregion.
foreignObject,xy,"xy =v is equivalent to  x=v[1], y=v[2]",x|y,yes.,<coordinate>,"The x.axis coordinate of one corner of the rectangular region into which the graphics associated with the contents of the 'foreignObject' will be rendered. If the attribute is not specified, the effect is as if a value of '0' were specified."
glyphRef,xy,"xy =v is equivalent to  x=v[1], y=v[2]",x|y,no.,<number>,"This value represents the new absolute X coordinate within the font's coordinate system for this glyph. The font coordinate system is based on the em square model described in the Fonts chapter of CSS2 ([CSS2], chapter 15). If the attribute is not specified, for the first 'glyphRef' child element, the effect is as if the attribute were set to ""0"", whereas for subsequent 'glyphRef' child elements, the effect is as if the attribute were set to the end X coordinate from the previous 'glyphRef' element."
image,xy,"xy =v is equivalent to  x=v[1], y=v[2]",x|y,yes.,<coordinate>,"The x.axis coordinate of one corner of the rectangular region into which the referenced document is placed. If the attribute is not specified, the effect is as if a value of '0' were specified."
mask,xy,"xy =v is equivalent to  x=v[1], y=v[2]",x|y,yes.,<coordinate>,"The x.axis coordinate of one corner of the rectangle for the largest possible offscreen buffer. Note that the clipping path used to render any graphics within the mask will consist of the intersection of the current clipping path associated with the given object and the rectangle defined by 'x', 'y', 'width' and 'height'. If the attribute is not specified, the effect is as if a value of '.10' were specified."
pattern,xy,"xy =v is equivalent to  x=v[1], y=v[2]",x|y,yes.,<coordinate>,"'x', 'y', 'width' and 'height' indicate how the pattern tiles are placed and spaced. These attributes represent coordinates and values in the coordinate space specified by the combination of attributes 'patternUnits' and 'patternTransform'. If the attribute is not specified, the effect is as if a value of zero were specified."
rect,xy,"xy =v is equivalent to  x=v[1], y=v[2]",x|y,yes.,<coordinate>,"The x.axis coordinate of the side of the rectangle which has the smaller x.axis coordinate value in the current user coordinate system. If the attribute is not specified, the effect is as if a value of ""0"" were specified."
svg,xy,"xy =v is equivalent to  x=v[1], y=v[2]",x|y,yes.,<coordinate>,"(Has no meaning or effect on outermost svg elements.) The x.axis coordinate of one corner of the rectangular region into which an embedded 'svg' element is placed. If the attribute is not specified, the effect is as if a value of '0' were specified."
tref,xy,"xy =v is equivalent to  x=v[1], y=v[2]",x|y,yes.,<list.of.coordinates>,"If a single <coordinate> is provided, then the value represents the new absolute X coordinate for the current text position for rendering the glyphs that correspond to the first character within this element or any of its descendants. If a comma. or space.separated list of n <coordinate>s is provided, then the values represent new absolute X coordinates for the current text position for rendering the glyphs corresponding to each of the first n characters within this element or any of its descendants. If more <coordinate>s are provided than characters, then the extra <coordinate>s will have no effect on glyph positioning. If more characters exist than <coordinate>s, then for each of these extra characters. (a) if an ancestor 'text' or 'tspan' element specifies an absolute X coordinate for the given character via an 'x' attribute, then that absolute X coordinate is used as the starting X coordinate for that character (nearest ancestor has precedence), else (b) the starting X coordinate for rendering the glyphs corresponding to the given character is the X coordinate of the resulting current text position from the most recently rendered glyph for the current 'text' element. If the attribute is not specified. (a) if an ancestor 'text' or 'tspan' element specifies an absolute X coordinate for a given character via an 'x' attribute, then that absolute X coordinate is used (nearest ancestor has precedence), else (b) the starting X coordinate for rendering the glyphs corresponding to a given character is the X coordinate of the resulting current text position from the most recently rendered glyph for the current 'text' element."
tspan,xy,"xy =v is equivalent to  x=v[1], y=v[2]",x|y,yes.,<list.of.coordinates>,"If a single <coordinate> is provided, then the value represents the new absolute X coordinate for the current text position for rendering the glyphs that correspond to the first character within this element or any of its descendants. If a comma. or space.separated list of n <coordinate>s is provided, then the values represent new absolute X coordinates for the current text position for rendering the glyphs corresponding to each of the first n characters within this element or any of its descendants. If more <coordinate>s are provided than characters, then the extra <coordinate>s will have no effect on glyph positioning. If more characters exist than <coordinate>s, then for each of these extra characters. (a) if an ancestor 'text' or 'tspan' element specifies an absolute X coordinate for the given character via an 'x' attribute, then that absolute X coordinate is used as the starting X coordinate for that character (nearest ancestor has precedence), else (b) the starting X coordinate for rendering the glyphs corresponding to the given character is the X coordinate of the resulting current text position from the most recently rendered glyph for the current 'text' element. If the attribute is not specified. (a) if an ancestor 'text' or 'tspan' element specifies an absolute X coordinate for a given character via an 'x' attribute, then that absolute X coordinate is used (nearest ancestor has precedence), else (b) the starting X coordinate for rendering the glyphs corresponding to a given character is the X coordinate of the resulting current text position from the most recently rendered glyph for the current 'text' element."
text,xy,"xy =v is equivalent to  x=v[1], y=v[2]",x|y,yes.,<list.of.coordinates>,"If a single <coordinate> is provided, then the value represents the new absolute X coordinate for the current text position for rendering the glyphs that correspond to the first character within this element or any of its descendants. If a comma. or space.separated list of n <coordinate>s is provided, then the values represent new absolute X coordinates for the current text position for rendering the glyphs corresponding to each of the first n characters within this element or any of its descendants. For additional processing rules, refer to the description of the 'x' attribute on the 'tspan' element. If the attribute is not specified, the effect is as if a value of ""0"" were specified."
use,xy,"xy =v is equivalent to  x=v[1], y=v[2]",x|y,yes.,<coordinate>,"The x.axis coordinate of one corner of the rectangular region into which the referenced element is placed. If the attribute is not specified, the effect is as if a value of ""0"" were specified."
fePointLight,xyz,"xyz =v is equivalent to  x=v[1], y=v[2], z=v[3]",x|y|z,yes.,<number>,"X location for the light source in the coordinate system established by attribute 'primitiveUnits' on the 'filter' element. If the attribute is not specified, then the effect is as if a value of 0 were specified."
feSpotLight,xyz,"xyz =v is equivalent to  x=v[1], y=v[2], z=v[3]",x|y|z,yes.,<number>,"X location for the light source in the coordinate system established by attribute 'primitiveUnits' on the 'filter' element. If the attribute is not specified, then the effect is as if a value of 0 were specified."
line,x12,"x12 =v is equivalent to  x1=v[1], x2=v[2]",x1|x2,yes.,<coordinate>,"The x.axis coordinate of the start of the line. If the attribute is not specified, the effect is as if a value of ""0"" were specified."
line,xy1,"xy1 =v is equivalent to  x1=v[1], y1=v[2]",x1|y1,yes.,<coordinate>,"The x.axis coordinate of the start of the line. If the attribute is not specified, the effect is as if a value of ""0"" were specified."
linearGradient,x12,"x12 =v is equivalent to  x1=v[1], x2=v[2]",x1|x2,yes.,<coordinate>,"'x1', 'y1', 'x2' and 'y2' define a gradient vector for the linear gradient. This gradient vector provides starting and ending points onto which the gradient stops are mapped. The values of 'x1', 'y1', 'x2' and 'y2' can be either numbers or percentages. If the attribute is not specified, the effect is as if a value of '0' were specified."
linearGradient,xy1,"xy1 =v is equivalent to  x1=v[1], y1=v[2]",x1|y1,yes.,<coordinate>,"'x1', 'y1', 'x2' and 'y2' define a gradient vector for the linear gradient. This gradient vector provides starting and ending points onto which the gradient stops are mapped. The values of 'x1', 'y1', 'x2' and 'y2' can be either numbers or percentages. If the attribute is not specified, the effect is as if a value of '0' were specified."
line,xy2,"xy2 =v is equivalent to  x2=v[1], y2=v[2]",x2|y2,yes.,<coordinate>,"The x.axis coordinate of the end of the line. If the attribute is not specified, the effect is as if a value of ""0"" were specified."
linearGradient,xy2,"xy2 =v is equivalent to  x2=v[1], y2=v[2]",x2|y2,yes.,<coordinate>,"See 'x1'. If the attribute is not specified, the effect is as if a value of '100' were specified."
line,y12,"y12 =v is equivalent to  y1=v[1], y2=v[2]",y1|y2,yes.,<coordinate>,"The y.axis coordinate of the start of the line. If the attribute is not specified, the effect is as if a value of ""0"" were specified."
linearGradient,y12,"y12 =v is equivalent to  y1=v[1], y2=v[2]",y1|y2,yes.,<coordinate>,"See 'x1'. If the attribute is not specified, the effect is as if a value of '0' were specified."
feTurbulence,cxy,coordinates of center,x|y,yes,"<x-coordinate,y-coordinate>",coordinates of center
feConvolveMatrix,cxy,coordinates of center,x|y,yes,"<x-coordinate,y-coordinate>",coordinates of center
feDiffuseLighting,cxy,coordinates of center,x|y,yes,"<x-coordinate,y-coordinate>",coordinates of center
feOffset,cxy,coordinates of center,x|y,yes,"<x-coordinate,y-coordinate>",coordinates of center
filter,cxy,coordinates of center,x|y,yes,"<x-coordinate,y-coordinate>",coordinates of center
feBlend,cxy,coordinates of center,x|y,yes,"<x-coordinate,y-coordinate>",coordinates of center
feColorMatrix,cxy,coordinates of center,x|y,yes,"<x-coordinate,y-coordinate>",coordinates of center
feComponentTransfer,cxy,coordinates of center,x|y,yes,"<x-coordinate,y-coordinate>",coordinates of center
feComposite,cxy,coordinates of center,x|y,yes,Coordinate-pair,coordinates of center
feDisplacementMap,cxy,coordinates of center,x|y,yes,Coordinate-pair,coordinates of center
feFlood,cxy,coordinates of center,x|y,yes,Coordinate-pair,coordinates of center
feGaussianBlur,cxy,coordinates of center,x|y,yes,Coordinate-pair,coordinates of center
feImage,cxy,coordinates of center,x|y,yes,Coordinate-pair,coordinates of center
feMerge,cxy,coordinates of center,x|y,yes,Coordinate-pair,coordinates of center
feMorphology,cxy,coordinates of center,x|y,yes,Coordinate-pair,coordinates of center expressed as a vector
feSpecularLighting,cxy,coordinates of center,x|y,yes,Coordinate-pair,coordinates of center expressed as a vector
feTile,cxy,coordinates of center,x|y,yes,Coordinate-pair,coordinates of center expressed as a vector
svg,cxy,coordinates of center,x|y,yes,Coordinate-pair,coordinates of center expressed as a vector
foreignObject,cxy,coordinates of center,x|y,yes,Coordinate-pair,coordinates of center expressed as a vector
image,cxy,coordinates of center,x|y,yes,Coordinate-pair,coordinates of center expressed as a vector
mask,cxy,coordinates of center,x|y,yes,Coordinate-pair,coordinates of center expressed as a vector
pattern,cxy,coordinates of center,x|y,yes,Coordinate-pair,coordinates of center expressed as a vector
rect,cxy,coordinates of center,x|y,yes,Coordinate-pair,coordinates of center expressed as a vector
use,cxy,coordinates of center,x|y,yes,Coordinate-pair,coordinates of center expressed as a vector
text,cxy,coordinates of center,x|y,yes,Coordinate-pair,coordinates of center expressed as a vector
textPath,cxy,coordinates of center,x|y,yes,Coordinate-pair,coordinates of center expressed as a vector
tspan,cxy,coordinates of center,x|y,yes,Coordinate-pair,coordinates of center expressed as a vector
linearGradient,colors,a sequence of colors,stop,yes,color sequence,a sequence of colors expressed as a vector
linearGradient,offsets,a sequence of color stop positions,stop,yes,stop position sequence,a sequence of color stop positions
radialGradient,colors,a sequence of colors,stop,yes,color sequence,a sequence of colors expressed as a vector
radialGradient,offsets,a sequence of color stop positions,stop,yes,stop position sequence,a sequence of color stop positions
